Provincia,Municipio,Codigo_INE
Álava,Agurain/Salvatierra,01051
Álava,Alegría-Dulantzi,01001
Álava,Amurrio,01002
Álava,Añana,01049
Álava,Aramaio,01003
Álava,Armiñón,01006
Álava,Arraia-Maeztu,01037
Álava,Arratzua-Ubarrundia,01008
Álava,Artziniega,01004
Álava,Asparrena,01009
Álava,Ayala/Aiara,01010
Álava,Baños de Ebro/Mañueta,01011
Álava,Barrundia,01013
Álava,Berantevilla,01014
Álava,Bernedo,01016
Álava,Campezo/Kanpezu,01017
Álava,Elburgo/Burgelu,01021
Álava,Elciego,01022
Álava,Elvillar/Bilar,01023
Álava,Erriberagoitia/Ribera Alta,01046
Álava,Harana/Valle de Arana,01056
Álava,Iruña Oka/Iruña de Oca,01901
Álava,Iruraiz-Gauna,01027
Álava,Kripan,01019
Álava,Kuartango,01020
Álava,Labastida/Bastida,01028
Álava,Lagrán,01030
Álava,Laguardia,01031
Álava,Lanciego/Lantziego,01032
Álava,Lantarón,01902
Álava,Lapuebla de Labarca,01033
Álava,Laudio/Llodio,01036
Álava,Legutio,01058
Álava,Leza,01034
Álava,Moreda de Álava/Moreda Araba,01039
Álava,Navaridas,01041
Álava,Okondo,01042
Álava,Oyón-Oion,01043
Álava,Peñacerrada-Urizaharra,01044
Álava,Ribera Baja/Erriberabeitia,01047
Álava,Samaniego,01052
Álava,San Millán/Donemiliaga,01053
Álava,Urkabustaiz,01054
Álava,Valdegovía/Gaubea,01055
Álava,Villabuena de Álava/Eskuernaga,01057
Álava,Vitoria-Gasteiz,01059
Álava,Yécora/Iekora,01060
Álava,Zalduondo,01061
Álava,Zambrana,01062
Álava,Zigoitia,01018
Álava,Zuia,01063
Albacete,Abengibre,02001
Albacete,Alatoz,02002
Albacete,Albacete,02003
Albacete,Albatana,02004
Albacete,Alborea,02005
Albacete,Alcadozo,02006
Albacete,Alcalá del Júcar,02007
Albacete,Alcaraz,02008
Albacete,Almansa,02009
Albacete,Alpera,02010
Albacete,Ayna,02011
Albacete,Balazote,02012
Albacete,"Ballestero, El",02014
Albacete,Balsa de Ves,02013
Albacete,Barrax,02015
Albacete,Bienservida,02016
Albacete,Bogarra,02017
Albacete,Bonete,02018
Albacete,"Bonillo, El",02019
Albacete,Carcelén,02020
Albacete,Casas de Juan Núñez,02021
Albacete,Casas de Lázaro,02022
Albacete,Casas de Ves,02023
Albacete,Casas-Ibáñez,02024
Albacete,Caudete,02025
Albacete,Cenizate,02026
Albacete,Chinchilla de Monte-Aragón,02029
Albacete,Corral-Rubio,02027
Albacete,Cotillas,02028
Albacete,Elche de la Sierra,02030
Albacete,Férez,02031
Albacete,Fuensanta,02032
Albacete,Fuente-Álamo,02033
Albacete,Fuentealbilla,02034
Albacete,"Gineta, La",02035
Albacete,Golosalvo,02036
Albacete,Hellín,02037
Albacete,"Herrera, La",02038
Albacete,Higueruela,02039
Albacete,Hoya-Gonzalo,02040
Albacete,Jorquera,02041
Albacete,Letur,02042
Albacete,Lezuza,02043
Albacete,Liétor,02044
Albacete,Madrigueras,02045
Albacete,Mahora,02046
Albacete,Masegoso,02047
Albacete,Minaya,02048
Albacete,Molinicos,02049
Albacete,Montalvos,02050
Albacete,Montealegre del Castillo,02051
Albacete,Motilleja,02052
Albacete,Munera,02053
Albacete,Navas de Jorquera,02054
Albacete,Nerpio,02055
Albacete,Ontur,02056
Albacete,Ossa de Montiel,02057
Albacete,Paterna del Madera,02058
Albacete,Peñas de San Pedro,02060
Albacete,Peñascosa,02059
Albacete,Pétrola,02061
Albacete,Povedilla,02062
Albacete,Pozo Cañada,02901
Albacete,Pozohondo,02063
Albacete,Pozo-Lorente,02064
Albacete,Pozuelo,02065
Albacete,"Recueja, La",02066
Albacete,Riópar,02067
Albacete,Robledo,02068
Albacete,"Roda, La",02069
Albacete,Salobre,02070
Albacete,San Pedro,02071
Albacete,Socovos,02072
Albacete,Tarazona de la Mancha,02073
Albacete,Tobarra,02074
Albacete,Valdeganga,02075
Albacete,Vianos,02076
Albacete,Villa de Ves,02077
Albacete,Villalgordo del Júcar,02078
Albacete,Villamalea,02079
Albacete,Villapalacios,02080
Albacete,Villarrobledo,02081
Albacete,Villatoya,02082
Albacete,Villavaliente,02083
Albacete,Villaverde de Guadalimar,02084
Albacete,Viveros,02085
Albacete,Yeste,02086
Alicante,Agost,03002
Alicante,Agres,03003
Alicante,Aigües,03004
Alicante,Alacant/Alicante,03014
Alicante,Albatera,03005
Alicante,Alcalalí,03006
Alicante,Alcoi/Alcoy,03009
Alicante,Alcoleja,03008
Alicante,Alcosser,03007
Alicante,Alfafara,03010
Alicante,"Alfàs del Pi, l'",03011
Alicante,Algorfa,03012
Alicante,Algueña,03013
Alicante,Almoradí,03015
Alicante,Almudaina,03016
Alicante,"Alqueria d'Asnar, l'",03017
Alicante,Altea,03018
Alicante,Aspe,03019
Alicante,"Atzúbia, l'",03001
Alicante,Balones,03020
Alicante,Banyeres de Mariola,03021
Alicante,Benasau,03022
Alicante,Beneixama,03023
Alicante,Benejúzar,03024
Alicante,Benferri,03025
Alicante,Beniarbeig,03026
Alicante,Beniardà,03027
Alicante,Beniarrés,03028
Alicante,Benidoleig,03030
Alicante,Benidorm,03031
Alicante,Benifallim,03032
Alicante,Benifato,03033
Alicante,Benigembla,03029
Alicante,Benijófar,03034
Alicante,Benilloba,03035
Alicante,Benillup,03036
Alicante,Benimantell,03037
Alicante,Benimarfull,03038
Alicante,Benimassot,03039
Alicante,Benimeli,03040
Alicante,Benissa,03041
Alicante,Biar,03043
Alicante,Bigastro,03044
Alicante,Bolulla,03045
Alicante,Busot,03046
Alicante,Callosa de Segura,03049
Alicante,Callosa d'en Sarrià,03048
Alicante,Calp,03047
Alicante,"Camp de Mirra, el/Campo de Mirra",03051
Alicante,"Campello, el",03050
Alicante,Cañada,03052
Alicante,Castalla,03053
Alicante,Castell de Castells,03054
Alicante,"Castell de Guadalest, el",03075
Alicante,Catral,03055
Alicante,Cocentaina,03056
Alicante,Confrides,03057
Alicante,Cox,03058
Alicante,Crevillent,03059
Alicante,Daya Nueva,03061
Alicante,Daya Vieja,03062
Alicante,Dénia,03063
Alicante,Dolores,03064
Alicante,Elda,03066
Alicante,Elx/Elche,03065
Alicante,Fageca,03067
Alicante,Famorca,03068
Alicante,Finestrat,03069
Alicante,"Fondó de les Neus, el/Hondón de las Nieves",03077
Alicante,Formentera del Segura,03070
Alicante,Gaianes,03072
Alicante,Gata de Gorgos,03071
Alicante,Gorga,03073
Alicante,Granja de Rocamora,03074
Alicante,Guardamar del Segura,03076
Alicante,Hondón de los Frailes,03078
Alicante,Ibi,03079
Alicante,Jacarilla,03080
Alicante,Llíber,03085
Alicante,Millena,03086
Alicante,Monforte del Cid,03088
Alicante,Monòver/Monóvar,03089
Alicante,"Montesinos, Los",03903
Alicante,Murla,03091
Alicante,Muro de Alcoy,03092
Alicante,Mutxamel,03090
Alicante,Novelda,03093
Alicante,"Nucia, la",03094
Alicante,Ondara,03095
Alicante,Onil,03096
Alicante,Orba,03097
Alicante,Orihuela,03099
Alicante,"Orxa, l'/Lorcha",03084
Alicante,Orxeta,03098
Alicante,Parcent,03100
Alicante,Pedreguer,03101
Alicante,Pego,03102
Alicante,Penàguila,03103
Alicante,Petrer,03104
Alicante,Pilar de la Horadada,03902
Alicante,"Pinós, el/Pinoso",03105
Alicante,Planes,03106
Alicante,"Poble Nou de Benitatxell, el/Benitachell",03042
Alicante,"Poblets, els",03901
Alicante,Polop,03107
Alicante,Quatretondeta,03060
Alicante,Rafal,03109
Alicante,"Ràfol d'Almúnia, el",03110
Alicante,Redován,03111
Alicante,Relleu,03112
Alicante,Rojales,03113
Alicante,"Romana, la",03114
Alicante,Sagra,03115
Alicante,Salinas,03116
Alicante,San Fulgencio,03118
Alicante,San Isidro,03904
Alicante,San Miguel de Salinas,03120
Alicante,Sanet y Negrals,03117
Alicante,Sant Joan d'Alacant,03119
Alicante,Sant Vicent del Raspeig/San Vicente del Raspeig,03122
Alicante,Santa Pola,03121
Alicante,Sax,03123
Alicante,Sella,03124
Alicante,Senija,03125
Alicante,Tàrbena,03127
Alicante,Teulada,03128
Alicante,Tibi,03129
Alicante,Tollos,03130
Alicante,Tormos,03131
Alicante,"Torre de les Maçanes, la/Torremanzanas",03132
Alicante,Torrevieja,03133
Alicante,"Vall d'Alcalà, la",03134
Alicante,"Vall de Gallinera, la",03136
Alicante,"Vall de Laguar, la",03137
Alicante,"Vall d'Ebo, la",03135
Alicante,"Verger, el",03138
Alicante,"Vila Joiosa, la/Villajoyosa",03139
Alicante,Villena,03140
Alicante,Xàbia/Jávea,03082
Alicante,Xaló,03081
Alicante,Xixona/Jijona,03083
Almería,Abla,04001
Almería,Abrucena,04002
Almería,Adra,04003
Almería,Albanchez,04004
Almería,Alboloduy,04005
Almería,Albox,04006
Almería,Alcolea,04007
Almería,Alcóntar,04008
Almería,Alcudia de Monteagud,04009
Almería,Alhabia,04010
Almería,Alhama de Almería,04011
Almería,Alicún,04012
Almería,Almería,04013
Almería,Almócita,04014
Almería,Alsodux,04015
Almería,Antas,04016
Almería,Arboleas,04017
Almería,Armuña de Almanzora,04018
Almería,Bacares,04019
Almería,Balanegra,04904
Almería,Bayárcal,04020
Almería,Bayarque,04021
Almería,Bédar,04022
Almería,Beires,04023
Almería,Benahadux,04024
Almería,Benitagla,04026
Almería,Benizalón,04027
Almería,Bentarique,04028
Almería,Berja,04029
Almería,Canjáyar,04030
Almería,Cantoria,04031
Almería,Carboneras,04032
Almería,Castro de Filabres,04033
Almería,Chercos,04036
Almería,Chirivel,04037
Almería,Cóbdar,04034
Almería,Cuevas del Almanzora,04035
Almería,Dalías,04038
Almería,"Ejido, El",04902
Almería,Enix,04041
Almería,Felix,04043
Almería,Fines,04044
Almería,Fiñana,04045
Almería,Fondón,04046
Almería,Gádor,04047
Almería,"Gallardos, Los",04048
Almería,Garrucha,04049
Almería,Gérgal,04050
Almería,Huécija,04051
Almería,Huércal de Almería,04052
Almería,Huércal-Overa,04053
Almería,Íllar,04054
Almería,Instinción,04055
Almería,Laroya,04056
Almería,Laujar de Andarax,04057
Almería,Líjar,04058
Almería,Lubrín,04059
Almería,Lucainena de las Torres,04060
Almería,Lúcar,04061
Almería,Macael,04062
Almería,María,04063
Almería,Mojácar,04064
Almería,"Mojonera, La",04903
Almería,Nacimiento,04065
Almería,Níjar,04066
Almería,Ohanes,04067
Almería,Olula de Castro,04068
Almería,Olula del Río,04069
Almería,Oria,04070
Almería,Padules,04071
Almería,Partaloa,04072
Almería,Paterna del Río,04073
Almería,Pechina,04074
Almería,Pulpí,04075
Almería,Purchena,04076
Almería,Rágol,04077
Almería,Rioja,04078
Almería,Roquetas de Mar,04079
Almería,Santa Cruz de Marchena,04080
Almería,Santa Fe de Mondújar,04081
Almería,Senés,04082
Almería,Serón,04083
Almería,Sierro,04084
Almería,Somontín,04085
Almería,Sorbas,04086
Almería,Suflí,04087
Almería,Tabernas,04088
Almería,Taberno,04089
Almería,Tahal,04090
Almería,Terque,04091
Almería,Tíjola,04092
Almería,"Tres Villas, Las",04901
Almería,Turre,04093
Almería,Turrillas,04094
Almería,Uleila del Campo,04095
Almería,Urrácal,04096
Almería,Velefique,04097
Almería,Vélez-Blanco,04098
Almería,Vélez-Rubio,04099
Almería,Vera,04100
Almería,Viator,04101
Almería,Vícar,04102
Almería,Zurgena,04103
Ávila,Adanero,05001
Ávila,"Adrada, La",05002
Ávila,Albornos,05005
Ávila,Aldeanueva de Santa Cruz,05007
Ávila,Aldeaseca,05008
Ávila,"Aldehuela, La",05010
Ávila,Amavida,05012
Ávila,"Arenal, El",05013
Ávila,Arenas de San Pedro,05014
Ávila,Arevalillo,05015
Ávila,Arévalo,05016
Ávila,Aveinte,05017
Ávila,Avellaneda,05018
Ávila,Ávila,05019
Ávila,"Barco de Ávila, El",05021
Ávila,"Barraco, El",05022
Ávila,Barromán,05023
Ávila,Becedas,05024
Ávila,Becedillas,05025
Ávila,Bercial de Zapardiel,05026
Ávila,"Berlanas, Las",05027
Ávila,Bernuy-Zapardiel,05029
Ávila,Berrocalejo de Aragona,05030
Ávila,Blascomillán,05033
Ávila,Blasconuño de Matacabras,05034
Ávila,Blascosancho,05035
Ávila,"Bohodón, El",05036
Ávila,Bohoyo,05037
Ávila,Bonilla de la Sierra,05038
Ávila,Brabos,05039
Ávila,Bularros,05040
Ávila,Burgohondo,05041
Ávila,Cabezas de Alambre,05042
Ávila,Cabezas del Pozo,05043
Ávila,Cabezas del Villar,05044
Ávila,Cabizuela,05045
Ávila,Canales,05046
Ávila,Candeleda,05047
Ávila,Cantiveros,05048
Ávila,Cardeñosa,05049
Ávila,"Carrera, La",05051
Ávila,Casas del Puerto,05052
Ávila,Casasola,05053
Ávila,Casavieja,05054
Ávila,Casillas,05055
Ávila,Castellanos de Zapardiel,05056
Ávila,Cebreros,05057
Ávila,Cepeda la Mora,05058
Ávila,Chamartín,05067
Ávila,Cillán,05059
Ávila,Cisla,05060
Ávila,"Colilla, La",05061
Ávila,Collado de Contreras,05062
Ávila,Collado del Mirón,05063
Ávila,Constanzana,05064
Ávila,Crespos,05065
Ávila,Cuevas del Valle,05066
Ávila,Diego del Carpio,05903
Ávila,Donjimeno,05069
Ávila,Donvidas,05070
Ávila,Espinosa de los Caballeros,05072
Ávila,Flores de Ávila,05073
Ávila,Fontiveros,05074
Ávila,Fresnedilla,05075
Ávila,"Fresno, El",05076
Ávila,Fuente el Saúz,05077
Ávila,Fuentes de Año,05078
Ávila,Gallegos de Altamiros,05079
Ávila,Gallegos de Sobrinos,05080
Ávila,Garganta del Villar,05081
Ávila,Gavilanes,05082
Ávila,Gemuño,05083
Ávila,Gil García,05085
Ávila,Gilbuena,05084
Ávila,Gimialcón,05086
Ávila,Gotarrendura,05087
Ávila,Grandes y San Martín,05088
Ávila,Guisando,05089
Ávila,Gutierre-Muñoz,05090
Ávila,Hernansancho,05092
Ávila,Herradón de Pinares,05093
Ávila,Herreros de Suso,05094
Ávila,Higuera de las Dueñas,05095
Ávila,"Hija de Dios, La",05096
Ávila,"Horcajada, La",05097
Ávila,Horcajo de las Torres,05099
Ávila,"Hornillo, El",05100
Ávila,"Hoyo de Pinares, El",05102
Ávila,Hoyocasero,05101
Ávila,Hoyorredondo,05103
Ávila,Hoyos de Miguel Muñoz,05106
Ávila,Hoyos del Collado,05104
Ávila,Hoyos del Espino,05105
Ávila,Hurtumpascual,05107
Ávila,Junciana,05108
Ávila,Langa,05109
Ávila,Lanzahíta,05110
Ávila,"Llanos de Tormes, Los",05113
Ávila,"Losar del Barco, El",05112
Ávila,Madrigal de las Altas Torres,05114
Ávila,Maello,05115
Ávila,Malpartida de Corneja,05116
Ávila,Mamblas,05117
Ávila,Mancera de Arriba,05118
Ávila,Manjabálago y Ortigosa de Rioalmar,05119
Ávila,Marlín,05120
Ávila,Martiherrero,05121
Ávila,Martínez,05122
Ávila,Mediana de Voltoya,05123
Ávila,Medinilla,05124
Ávila,Mengamuñoz,05125
Ávila,Mesegar de Corneja,05126
Ávila,Mijares,05127
Ávila,Mingorría,05128
Ávila,"Mirón, El",05129
Ávila,Mironcillo,05130
Ávila,Mirueña de los Infanzones,05131
Ávila,Mombeltrán,05132
Ávila,Monsalupe,05133
Ávila,Moraleja de Matacabras,05134
Ávila,Muñana,05135
Ávila,Muñico,05136
Ávila,Muñogalindo,05138
Ávila,Muñogrande,05139
Ávila,Muñomer del Peco,05140
Ávila,Muñopepe,05141
Ávila,Muñosancho,05142
Ávila,Muñotello,05143
Ávila,Narrillos del Álamo,05144
Ávila,Narrillos del Rebollar,05145
Ávila,Narros de Saldueña,05149
Ávila,Narros del Castillo,05147
Ávila,Narros del Puerto,05148
Ávila,Nava de Arévalo,05152
Ávila,Nava del Barco,05153
Ávila,Navacepedilla de Corneja,05151
Ávila,Navadijos,05154
Ávila,Navaescurial,05155
Ávila,Navahondilla,05156
Ávila,Navalacruz,05157
Ávila,Navalmoral,05158
Ávila,Navalonguilla,05159
Ávila,Navalosa,05160
Ávila,Navalperal de Pinares,05161
Ávila,Navalperal de Tormes,05162
Ávila,Navaluenga,05163
Ávila,Navaquesera,05164
Ávila,Navarredonda de Gredos,05165
Ávila,Navarredondilla,05166
Ávila,Navarrevisca,05167
Ávila,"Navas del Marqués, Las",05168
Ávila,Navatalgordo,05169
Ávila,Navatejares,05170
Ávila,Neila de San Miguel,05171
Ávila,Niharra,05172
Ávila,Ojos-Albos,05173
Ávila,Orbita,05174
Ávila,"Oso, El",05175
Ávila,Padiernos,05176
Ávila,Pajares de Adaja,05177
Ávila,Palacios de Goda,05178
Ávila,Papatrigo,05179
Ávila,"Parral, El",05180
Ávila,Pascualcobo,05181
Ávila,Pedro Bernardo,05182
Ávila,Pedro-Rodríguez,05183
Ávila,Peguerinos,05184
Ávila,Peñalba de Ávila,05185
Ávila,Piedrahíta,05186
Ávila,Piedralaves,05187
Ávila,Poveda,05188
Ávila,Poyales del Hoyo,05189
Ávila,Pozanco,05190
Ávila,Pradosegar,05191
Ávila,Puerto Castilla,05192
Ávila,Rasueros,05193
Ávila,Riocabado,05194
Ávila,Riofrío,05195
Ávila,Rivilla de Barajas,05196
Ávila,Salobral,05197
Ávila,Salvadiós,05198
Ávila,San Bartolomé de Béjar,05199
Ávila,San Bartolomé de Corneja,05200
Ávila,San Bartolomé de Pinares,05201
Ávila,San Esteban de los Patos,05206
Ávila,San Esteban de Zapardiel,05208
Ávila,San Esteban del Valle,05207
Ávila,San García de Ingelmos,05209
Ávila,San Juan de Gredos,05901
Ávila,San Juan de la Encinilla,05210
Ávila,San Juan de la Nava,05211
Ávila,San Juan del Molinillo,05212
Ávila,San Juan del Olmo,05213
Ávila,San Lorenzo de Tormes,05214
Ávila,San Martín de la Vega del Alberche,05215
Ávila,San Martín del Pimpollar,05216
Ávila,San Miguel de Corneja,05217
Ávila,San Miguel de Serrezuela,05218
Ávila,San Pascual,05219
Ávila,San Pedro del Arroyo,05220
Ávila,San Vicente de Arévalo,05231
Ávila,Sanchidrián,05204
Ávila,Sanchorreja,05205
Ávila,Santa Cruz de Pinares,05222
Ávila,Santa Cruz del Valle,05221
Ávila,Santa María de los Caballeros,05226
Ávila,Santa María del Arroyo,05224
Ávila,Santa María del Berrocal,05225
Ávila,Santa María del Cubillo,05902
Ávila,Santa María del Tiétar,05227
Ávila,Santiago del Collado,05228
Ávila,Santiago del Tormes,05904
Ávila,Santo Domingo de las Posadas,05229
Ávila,Santo Tomé de Zabarcos,05230
Ávila,"Serrada, La",05232
Ávila,Serranillos,05233
Ávila,Sigeres,05234
Ávila,Sinlabajos,05235
Ávila,Solana de Ávila,05236
Ávila,Solana de Rioalmar,05237
Ávila,Solosancho,05238
Ávila,Sotalbo,05239
Ávila,Sotillo de la Adrada,05240
Ávila,"Tiemblo, El",05241
Ávila,Tiñosillos,05242
Ávila,Tolbaños,05243
Ávila,Tormellas,05244
Ávila,Tornadizos de Ávila,05245
Ávila,"Torre, La",05247
Ávila,Tórtoles,05246
Ávila,Umbrías,05249
Ávila,Vadillo de la Sierra,05251
Ávila,Valdecasa,05252
Ávila,Vega de Santa María,05253
Ávila,Velayos,05254
Ávila,Villaflor,05256
Ávila,Villafranca de la Sierra,05257
Ávila,Villanueva de Ávila,05905
Ávila,Villanueva de Gómez,05258
Ávila,Villanueva del Aceral,05259
Ávila,Villanueva del Campillo,05260
Ávila,Villar de Corneja,05261
Ávila,Villarejo del Valle,05262
Ávila,Villatoro,05263
Ávila,Viñegra de Moraña,05264
Ávila,Vita,05265
Ávila,Zapardiel de la Cañada,05266
Ávila,Zapardiel de la Ribera,05267
Badajoz,Acedera,06001
Badajoz,Aceuchal,06002
Badajoz,Ahillones,06003
Badajoz,Alange,06004
Badajoz,"Albuera, La",06005
Badajoz,Alburquerque,06006
Badajoz,Alconchel,06007
Badajoz,Alconera,06008
Badajoz,Aljucén,06009
Badajoz,Almendral,06010
Badajoz,Almendralejo,06011
Badajoz,Arroyo de San Serván,06012
Badajoz,Atalaya,06013
Badajoz,Azuaga,06014
Badajoz,Badajoz,06015
Badajoz,Barcarrota,06016
Badajoz,Baterno,06017
Badajoz,Benquerencia de la Serena,06018
Badajoz,Berlanga,06019
Badajoz,Bienvenida,06020
Badajoz,Bodonal de la Sierra,06021
Badajoz,Burguillos del Cerro,06022
Badajoz,Cabeza del Buey,06023
Badajoz,Cabeza la Vaca,06024
Badajoz,Calamonte,06025
Badajoz,Calera de León,06026
Badajoz,Calzadilla de los Barros,06027
Badajoz,Campanario,06028
Badajoz,Campillo de Llerena,06029
Badajoz,Capilla,06030
Badajoz,Carmonita,06031
Badajoz,"Carrascalejo, El",06032
Badajoz,Casas de Don Pedro,06033
Badajoz,Casas de Reina,06034
Badajoz,Castilblanco,06035
Badajoz,Castuera,06036
Badajoz,Cheles,06042
Badajoz,"Codosera, La",06037
Badajoz,Cordobilla de Lácara,06038
Badajoz,"Coronada, La",06039
Badajoz,Corte de Peleas,06040
Badajoz,Cristina,06041
Badajoz,Don Álvaro,06043
Badajoz,Don Benito,06044
Badajoz,Entrín Bajo,06045
Badajoz,Esparragalejo,06046
Badajoz,Esparragosa de la Serena,06047
Badajoz,Esparragosa de Lares,06048
Badajoz,Feria,06049
Badajoz,Fregenal de la Sierra,06050
Badajoz,Fuenlabrada de los Montes,06051
Badajoz,Fuente de Cantos,06052
Badajoz,Fuente del Arco,06053
Badajoz,Fuente del Maestre,06054
Badajoz,Fuentes de León,06055
Badajoz,Garbayuela,06056
Badajoz,Garlitos,06057
Badajoz,"Garrovilla, La",06058
Badajoz,Granja de Torrehermosa,06059
Badajoz,Guadiana,06903
Badajoz,Guareña,06060
Badajoz,"Haba, La",06061
Badajoz,Helechosa de los Montes,06062
Badajoz,Herrera del Duque,06063
Badajoz,Higuera de la Serena,06064
Badajoz,Higuera de Llerena,06065
Badajoz,Higuera de Vargas,06066
Badajoz,Higuera la Real,06067
Badajoz,Hinojosa del Valle,06068
Badajoz,Hornachos,06069
Badajoz,Jerez de los Caballeros,06070
Badajoz,"Lapa, La",06071
Badajoz,Llera,06073
Badajoz,Llerena,06074
Badajoz,Lobón,06072
Badajoz,Magacela,06075
Badajoz,Maguilla,06076
Badajoz,Malcocinado,06077
Badajoz,Malpartida de la Serena,06078
Badajoz,Manchita,06079
Badajoz,Medellín,06080
Badajoz,Medina de las Torres,06081
Badajoz,Mengabril,06082
Badajoz,Mérida,06083
Badajoz,Mirandilla,06084
Badajoz,Monesterio,06085
Badajoz,Montemolín,06086
Badajoz,Monterrubio de la Serena,06087
Badajoz,Montijo,06088
Badajoz,"Morera, La",06089
Badajoz,"Nava de Santiago, La",06090
Badajoz,Navalvillar de Pela,06091
Badajoz,Nogales,06092
Badajoz,Oliva de la Frontera,06093
Badajoz,Oliva de Mérida,06094
Badajoz,Olivenza,06095
Badajoz,Orellana de la Sierra,06096
Badajoz,Orellana la Vieja,06097
Badajoz,Palomas,06098
Badajoz,"Parra, La",06099
Badajoz,Peñalsordo,06100
Badajoz,Peraleda del Zaucejo,06101
Badajoz,Puebla de Alcocer,06102
Badajoz,Puebla de la Calzada,06103
Badajoz,Puebla de la Reina,06104
Badajoz,Puebla de Obando,06107
Badajoz,Puebla de Sancho Pérez,06108
Badajoz,Puebla del Maestre,06105
Badajoz,Puebla del Prior,06106
Badajoz,Pueblonuevo del Guadiana,06902
Badajoz,Quintana de la Serena,06109
Badajoz,Reina,06110
Badajoz,Rena,06111
Badajoz,Retamal de Llerena,06112
Badajoz,Ribera del Fresno,06113
Badajoz,Risco,06114
Badajoz,"Roca de la Sierra, La",06115
Badajoz,Salvaleón,06116
Badajoz,Salvatierra de los Barros,06117
Badajoz,San Pedro de Mérida,06119
Badajoz,San Vicente de Alcántara,06123
Badajoz,Sancti-Spíritus,06118
Badajoz,Santa Amalia,06120
Badajoz,Santa Marta,06121
Badajoz,"Santos de Maimona, Los",06122
Badajoz,Segura de León,06124
Badajoz,Siruela,06125
Badajoz,Solana de los Barros,06126
Badajoz,Talarrubias,06127
Badajoz,Talavera la Real,06128
Badajoz,Táliga,06129
Badajoz,Tamurejo,06130
Badajoz,Torre de Miguel Sesmero,06131
Badajoz,Torremayor,06132
Badajoz,Torremejía,06133
Badajoz,Trasierra,06134
Badajoz,Trujillanos,06135
Badajoz,Usagre,06136
Badajoz,Valdecaballeros,06137
Badajoz,Valdelacalzada,06901
Badajoz,Valdetorres,06138
Badajoz,Valencia de las Torres,06139
Badajoz,Valencia del Mombuey,06140
Badajoz,Valencia del Ventoso,06141
Badajoz,Valle de la Serena,06146
Badajoz,Valle de Matamoros,06147
Badajoz,Valle de Santa Ana,06148
Badajoz,Valverde de Burguillos,06142
Badajoz,Valverde de Leganés,06143
Badajoz,Valverde de Llerena,06144
Badajoz,Valverde de Mérida,06145
Badajoz,Villafranca de los Barros,06149
Badajoz,Villagarcía de la Torre,06150
Badajoz,Villagonzalo,06151
Badajoz,Villalba de los Barros,06152
Badajoz,Villanueva de la Serena,06153
Badajoz,Villanueva del Fresno,06154
Badajoz,Villar de Rena,06156
Badajoz,Villar del Rey,06155
Badajoz,Villarta de los Montes,06157
Badajoz,Zafra,06158
Badajoz,Zahínos,06159
Badajoz,Zalamea de la Serena,06160
Badajoz,"Zarza, La",06162
Badajoz,Zarza-Capilla,06161
Illes Balears,Alaior,07002
Illes Balears,Alaró,07001
Illes Balears,Alcúdia,07003
Illes Balears,Algaida,07004
Illes Balears,Andratx,07005
Illes Balears,Ariany,07901
Illes Balears,Artà,07006
Illes Balears,Banyalbufar,07007
Illes Balears,Binissalem,07008
Illes Balears,Búger,07009
Illes Balears,Bunyola,07010
Illes Balears,Calvià,07011
Illes Balears,Campanet,07012
Illes Balears,Campos,07013
Illes Balears,Capdepera,07014
Illes Balears,"Castell, Es",07064
Illes Balears,Ciutadella de Menorca,07015
Illes Balears,Consell,07016
Illes Balears,Costitx,07017
Illes Balears,Deià,07018
Illes Balears,Eivissa,07026
Illes Balears,Escorca,07019
Illes Balears,Esporles,07020
Illes Balears,Estellencs,07021
Illes Balears,Felanitx,07022
Illes Balears,Ferreries,07023
Illes Balears,Formentera,07024
Illes Balears,Fornalutx,07025
Illes Balears,Inca,07027
Illes Balears,Lloret de Vistalegre,07028
Illes Balears,Lloseta,07029
Illes Balears,Llubí,07030
Illes Balears,Llucmajor,07031
Illes Balears,Manacor,07033
Illes Balears,Mancor de la Vall,07034
Illes Balears,Maó,07032
Illes Balears,Maria de la Salut,07035
Illes Balears,Marratxí,07036
Illes Balears,"Mercadal, Es",07037
Illes Balears,"Migjorn Gran, Es",07902
Illes Balears,Montuïri,07038
Illes Balears,Muro,07039
Illes Balears,Palma,07040
Illes Balears,Petra,07041
Illes Balears,"Pobla, Sa",07044
Illes Balears,Pollença,07042
Illes Balears,Porreres,07043
Illes Balears,Puigpunyent,07045
Illes Balears,"Salines, Ses",07059
Illes Balears,Sant Antoni de Portmany,07046
Illes Balears,Sant Joan,07049
Illes Balears,Sant Joan de Labritja,07050
Illes Balears,Sant Josep de sa Talaia,07048
Illes Balears,Sant Llorenç des Cardassar,07051
Illes Balears,Sant Lluís,07052
Illes Balears,Santa Eugènia,07053
Illes Balears,Santa Eulària des Riu,07054
Illes Balears,Santa Margalida,07055
Illes Balears,Santa María del Camí,07056
Illes Balears,Santanyí,07057
Illes Balears,Selva,07058
Illes Balears,Sencelles,07047
Illes Balears,Sineu,07060
Illes Balears,Sóller,07061
Illes Balears,Son Servera,07062
Illes Balears,Valldemossa,07063
Illes Balears,Vilafranca de Bonany,07065
Barcelona,Abrera,08001
Barcelona,Aguilar de Segarra,08002
Barcelona,Aiguafreda,08014
Barcelona,Alella,08003
Barcelona,Alpens,08004
Barcelona,"Ametlla del Vallès, L'",08005
Barcelona,Arenys de Mar,08006
Barcelona,Arenys de Munt,08007
Barcelona,Argençola,08008
Barcelona,Argentona,08009
Barcelona,Artés,08010
Barcelona,Avià,08011
Barcelona,Avinyó,08012
Barcelona,Avinyonet del Penedès,08013
Barcelona,Badalona,08015
Barcelona,Badia del Vallès,08904
Barcelona,Bagà,08016
Barcelona,Balenyà,08017
Barcelona,Balsareny,08018
Barcelona,Barberà del Vallès,08252
Barcelona,Barcelona,08019
Barcelona,Begues,08020
Barcelona,Bellprat,08021
Barcelona,Berga,08022
Barcelona,Bigues i Riells del Fai,08023
Barcelona,Borredà,08024
Barcelona,"Bruc, El",08025
Barcelona,"Brull, El",08026
Barcelona,"Cabanyes, Les",08027
Barcelona,Cabrera d'Anoia,08028
Barcelona,Cabrera de Mar,08029
Barcelona,Cabrils,08030
Barcelona,Calaf,08031
Barcelona,Calders,08034
Barcelona,Caldes de Montbui,08033
Barcelona,Caldes d'Estrac,08032
Barcelona,Calella,08035
Barcelona,Calldetenes,08037
Barcelona,Callús,08038
Barcelona,Calonge de Segarra,08036
Barcelona,Campins,08039
Barcelona,Canet de Mar,08040
Barcelona,Canovelles,08041
Barcelona,Cànoves i Samalús,08042
Barcelona,Canyelles,08043
Barcelona,Capellades,08044
Barcelona,Capolat,08045
Barcelona,Cardedeu,08046
Barcelona,Cardona,08047
Barcelona,Carme,08048
Barcelona,Casserres,08049
Barcelona,Castell de l'Areny,08057
Barcelona,Castellar de n'Hug,08052
Barcelona,Castellar del Riu,08050
Barcelona,Castellar del Vallès,08051
Barcelona,Castellbell i el Vilar,08053
Barcelona,Castellbisbal,08054
Barcelona,Castellcir,08055
Barcelona,Castelldefels,08056
Barcelona,Castellet i la Gornal,08058
Barcelona,Castellfollit de Riubregós,08060
Barcelona,Castellfollit del Boix,08059
Barcelona,Castellgalí,08061
Barcelona,Castellnou de Bages,08062
Barcelona,Castellolí,08063
Barcelona,Castellterçol,08064
Barcelona,Castellví de la Marca,08065
Barcelona,Castellví de Rosanes,08066
Barcelona,Centelles,08067
Barcelona,Cercs,08268
Barcelona,Cerdanyola del Vallès,08266
Barcelona,Cervelló,08068
Barcelona,Collbató,08069
Barcelona,Collsuspina,08070
Barcelona,Copons,08071
Barcelona,Corbera de Llobregat,08072
Barcelona,Cornellà de Llobregat,08073
Barcelona,Cubelles,08074
Barcelona,Dosrius,08075
Barcelona,Esparreguera,08076
Barcelona,Esplugues de Llobregat,08077
Barcelona,"Espunyola, L'",08078
Barcelona,"Esquirol, L'",08254
Barcelona,"Estany, L'",08079
Barcelona,Figaró-Montmany,08134
Barcelona,Fígols,08080
Barcelona,Fogars de la Selva,08082
Barcelona,Fogars de Montclús,08081
Barcelona,Folgueroles,08083
Barcelona,Fonollosa,08084
Barcelona,Font-rubí,08085
Barcelona,"Franqueses del Vallès, Les",08086
Barcelona,Gaià,08090
Barcelona,Gallifa,08087
Barcelona,"Garriga, La",08088
Barcelona,Gavà,08089
Barcelona,Gelida,08091
Barcelona,Gironella,08092
Barcelona,Gisclareny,08093
Barcelona,"Granada, La",08094
Barcelona,Granera,08095
Barcelona,Granollers,08096
Barcelona,Gualba,08097
Barcelona,Guardiola de Berguedà,08099
Barcelona,Gurb,08100
Barcelona,"Hospitalet de Llobregat, L'",08101
Barcelona,"Hostalets de Pierola, Els",08162
Barcelona,Igualada,08102
Barcelona,Jorba,08103
Barcelona,"Llacuna, La",08104
Barcelona,"Llagosta, La",08105
Barcelona,Lliçà d'Amunt,08107
Barcelona,Lliçà de Vall,08108
Barcelona,Llinars del Vallès,08106
Barcelona,Lluçà,08109
Barcelona,Malgrat de Mar,08110
Barcelona,Malla,08111
Barcelona,Manlleu,08112
Barcelona,Manresa,08113
Barcelona,Marganell,08242
Barcelona,Martorell,08114
Barcelona,Martorelles,08115
Barcelona,"Masies de Roda, Les",08116
Barcelona,"Masies de Voltregà, Les",08117
Barcelona,"Masnou, El",08118
Barcelona,Masquefa,08119
Barcelona,Matadepera,08120
Barcelona,Mataró,08121
Barcelona,Mediona,08122
Barcelona,Moià,08138
Barcelona,Molins de Rei,08123
Barcelona,Mollet del Vallès,08124
Barcelona,Monistrol de Calders,08128
Barcelona,Monistrol de Montserrat,08127
Barcelona,Montcada i Reixac,08125
Barcelona,Montclar,08130
Barcelona,Montesquiu,08131
Barcelona,Montgat,08126
Barcelona,Montmajor,08132
Barcelona,Montmaneu,08133
Barcelona,Montmeló,08135
Barcelona,Montornès del Vallès,08136
Barcelona,Montseny,08137
Barcelona,Muntanyola,08129
Barcelona,Mura,08139
Barcelona,Navarcles,08140
Barcelona,Navàs,08141
Barcelona,"Nou de Berguedà, La",08142
Barcelona,Òdena,08143
Barcelona,Olèrdola,08145
Barcelona,Olesa de Bonesvalls,08146
Barcelona,Olesa de Montserrat,08147
Barcelona,Olivella,08148
Barcelona,Olost,08149
Barcelona,Olvan,08144
Barcelona,Orís,08150
Barcelona,Oristà,08151
Barcelona,Orpí,08152
Barcelona,Òrrius,08153
Barcelona,Pacs del Penedès,08154
Barcelona,Palafolls,08155
Barcelona,Palau-solità i Plegamans,08156
Barcelona,Pallejà,08157
Barcelona,"Palma de Cervelló, La",08905
Barcelona,"Papiol, El",08158
Barcelona,Parets del Vallès,08159
Barcelona,Perafita,08160
Barcelona,Piera,08161
Barcelona,Pineda de Mar,08163
Barcelona,"Pla del Penedès, El",08164
Barcelona,"Pobla de Claramunt, La",08165
Barcelona,"Pobla de Lillet, La",08166
Barcelona,Polinyà,08167
Barcelona,"Pont de Vilomara i Rocafort, El",08182
Barcelona,Pontons,08168
Barcelona,"Prat de Llobregat, El",08169
Barcelona,Prats de Lluçanès,08171
Barcelona,"Prats de Rei, Els",08170
Barcelona,Premià de Dalt,08230
Barcelona,Premià de Mar,08172
Barcelona,Puigdàlber,08174
Barcelona,Puig-reig,08175
Barcelona,Pujalt,08176
Barcelona,"Quar, La",08177
Barcelona,Rajadell,08178
Barcelona,Rellinars,08179
Barcelona,Ripollet,08180
Barcelona,"Roca del Vallès, La",08181
Barcelona,Roda de Ter,08183
Barcelona,Rubí,08184
Barcelona,Rubió,08185
Barcelona,Rupit i Pruit,08901
Barcelona,Sabadell,08187
Barcelona,Sagàs,08188
Barcelona,Saldes,08190
Barcelona,Sallent,08191
Barcelona,Sant Adrià de Besòs,08194
Barcelona,Sant Agustí de Lluçanès,08195
Barcelona,Sant Andreu de la Barca,08196
Barcelona,Sant Andreu de Llavaneres,08197
Barcelona,Sant Antoni de Vilamajor,08198
Barcelona,Sant Bartomeu del Grau,08199
Barcelona,Sant Boi de Llobregat,08200
Barcelona,Sant Boi de Lluçanès,08201
Barcelona,Sant Cebrià de Vallalta,08203
Barcelona,Sant Celoni,08202
Barcelona,Sant Climent de Llobregat,08204
Barcelona,Sant Cugat del Vallès,08205
Barcelona,Sant Cugat Sesgarrigues,08206
Barcelona,Sant Esteve de Palautordera,08207
Barcelona,Sant Esteve Sesrovires,08208
Barcelona,Sant Feliu de Codines,08210
Barcelona,Sant Feliu de Llobregat,08211
Barcelona,Sant Feliu Sasserra,08212
Barcelona,Sant Fost de Campsentelles,08209
Barcelona,Sant Fruitós de Bages,08213
Barcelona,Sant Hipòlit de Voltregà,08215
Barcelona,Sant Iscle de Vallalta,08193
Barcelona,Sant Jaume de Frontanyà,08216
Barcelona,Sant Joan de Vilatorrada,08218
Barcelona,Sant Joan Despí,08217
Barcelona,Sant Julià de Cerdanyola,08903
Barcelona,Sant Julià de Vilatorta,08220
Barcelona,Sant Just Desvern,08221
Barcelona,Sant Llorenç d'Hortons,08222
Barcelona,Sant Llorenç Savall,08223
Barcelona,Sant Martí d'Albars,08225
Barcelona,Sant Martí de Centelles,08224
Barcelona,Sant Martí de Tous,08226
Barcelona,Sant Martí Sarroca,08227
Barcelona,Sant Martí Sesgueioles,08228
Barcelona,Sant Mateu de Bages,08229
Barcelona,Sant Pere de Ribes,08231
Barcelona,Sant Pere de Riudebitlles,08232
Barcelona,Sant Pere de Torelló,08233
Barcelona,Sant Pere de Vilamajor,08234
Barcelona,Sant Pere Sallavinera,08189
Barcelona,Sant Pol de Mar,08235
Barcelona,Sant Quintí de Mediona,08236
Barcelona,Sant Quirze de Besora,08237
Barcelona,Sant Quirze del Vallès,08238
Barcelona,Sant Quirze Safaja,08239
Barcelona,Sant Sadurní d'Anoia,08240
Barcelona,Sant Sadurní d'Osormort,08241
Barcelona,Sant Salvador de Guardiola,08098
Barcelona,Sant Vicenç de Castellet,08262
Barcelona,Sant Vicenç de Montalt,08264
Barcelona,Sant Vicenç de Torelló,08265
Barcelona,Sant Vicenç dels Horts,08263
Barcelona,Santa Cecília de Voltregà,08243
Barcelona,Santa Coloma de Cervelló,08244
Barcelona,Santa Coloma de Gramenet,08245
Barcelona,Santa Eugènia de Berga,08246
Barcelona,Santa Eulàlia de Riuprimer,08247
Barcelona,Santa Eulàlia de Ronçana,08248
Barcelona,Santa Fe del Penedès,08249
Barcelona,Santa Margarida de Montbui,08250
Barcelona,Santa Margarida i els Monjos,08251
Barcelona,Santa Maria de Besora,08253
Barcelona,Santa Maria de Martorelles,08256
Barcelona,Santa Maria de Merlès,08255
Barcelona,Santa Maria de Miralles,08257
Barcelona,Santa Maria de Palautordera,08259
Barcelona,Santa Maria d'Oló,08258
Barcelona,Santa Perpètua de Mogoda,08260
Barcelona,Santa Susanna,08261
Barcelona,Santpedor,08192
Barcelona,Sentmenat,08267
Barcelona,Seva,08269
Barcelona,Sitges,08270
Barcelona,Sobremunt,08271
Barcelona,Sora,08272
Barcelona,Subirats,08273
Barcelona,Súria,08274
Barcelona,Tagamanent,08276
Barcelona,Talamanca,08277
Barcelona,Taradell,08278
Barcelona,Tavèrnoles,08275
Barcelona,Tavertet,08280
Barcelona,Teià,08281
Barcelona,Terrassa,08279
Barcelona,Tiana,08282
Barcelona,Tona,08283
Barcelona,Tordera,08284
Barcelona,Torelló,08285
Barcelona,"Torre de Claramunt, La",08286
Barcelona,Torrelavit,08287
Barcelona,Torrelles de Foix,08288
Barcelona,Torrelles de Llobregat,08289
Barcelona,Ullastrell,08290
Barcelona,Vacarisses,08291
Barcelona,Vallbona d'Anoia,08292
Barcelona,Vallcebre,08293
Barcelona,Vallgorguina,08294
Barcelona,Vallirana,08295
Barcelona,Vallromanes,08296
Barcelona,Veciana,08297
Barcelona,Vic,08298
Barcelona,Vilada,08299
Barcelona,Viladecans,08301
Barcelona,Viladecavalls,08300
Barcelona,Vilafranca del Penedès,08305
Barcelona,Vilalba Sasserra,08306
Barcelona,Vilanova de Sau,08303
Barcelona,Vilanova del Camí,08302
Barcelona,Vilanova del Vallès,08902
Barcelona,Vilanova i la Geltrú,08307
Barcelona,Vilassar de Dalt,08214
Barcelona,Vilassar de Mar,08219
Barcelona,Vilobí del Penedès,08304
Barcelona,Viver i Serrateix,08308
Burgos,Abajas,09001
Burgos,Adrada de Haza,09003
Burgos,Aguas Cándidas,09006
Burgos,Aguilar de Bureba,09007
Burgos,Albillos,09009
Burgos,Alcocero de Mola,09010
Burgos,Alfoz de Bricia,09011
Burgos,Alfoz de Quintanadueñas,09907
Burgos,Alfoz de Santa Gadea,09012
Burgos,Altable,09013
Burgos,"Altos, Los",09014
Burgos,Ameyugo,09016
Burgos,Anguix,09017
Burgos,Aranda de Duero,09018
Burgos,Arandilla,09019
Burgos,Arauzo de Miel,09020
Burgos,Arauzo de Salce,09021
Burgos,Arauzo de Torre,09022
Burgos,Arcos,09023
Burgos,Arenillas de Riopisuerga,09024
Burgos,Arija,09025
Burgos,Arlanzón,09026
Burgos,Arraya de Oca,09027
Burgos,Atapuerca,09029
Burgos,"Ausines, Los",09030
Burgos,Avellanosa de Muñó,09032
Burgos,Bahabón de Esgueva,09033
Burgos,"Balbases, Los",09034
Burgos,Baños de Valdearados,09035
Burgos,Bañuelos de Bureba,09036
Burgos,Barbadillo de Herreros,09037
Burgos,Barbadillo del Mercado,09038
Burgos,Barbadillo del Pez,09039
Burgos,Barrio de Muñó,09041
Burgos,"Barrios de Bureba, Los",09043
Burgos,Barrios de Colina,09044
Burgos,Basconcillos del Tozo,09045
Burgos,Bascuñana,09046
Burgos,Belbimbre,09047
Burgos,Belorado,09048
Burgos,Berberana,09050
Burgos,Berlangas de Roa,09051
Burgos,Berzosa de Bureba,09052
Burgos,Bozoó,09054
Burgos,Brazacorta,09055
Burgos,Briviesca,09056
Burgos,Bugedo,09057
Burgos,Buniel,09058
Burgos,Burgos,09059
Burgos,Busto de Bureba,09060
Burgos,Cabañes de Esgueva,09061
Burgos,Cabezón de la Sierra,09062
Burgos,Caleruega,09064
Burgos,Campillo de Aranda,09065
Burgos,Campolara,09066
Burgos,Canicosa de la Sierra,09067
Burgos,Cantabrana,09068
Burgos,Carazo,09070
Burgos,Carcedo de Bureba,09071
Burgos,Carcedo de Burgos,09072
Burgos,Cardeñadijo,09073
Burgos,Cardeñajimeno,09074
Burgos,Cardeñuela Riopico,09075
Burgos,Carrias,09076
Burgos,Cascajares de Bureba,09077
Burgos,Cascajares de la Sierra,09078
Burgos,Castellanos de Castro,09079
Burgos,Castil de Peones,09083
Burgos,Castildelgado,09082
Burgos,Castrillo de la Reina,09084
Burgos,Castrillo de la Vega,09085
Burgos,Castrillo de Riopisuerga,09088
Burgos,Castrillo del Val,09086
Burgos,Castrillo Mota de Judíos,09090
Burgos,Castrojeriz,09091
Burgos,Cavia,09063
Burgos,Cayuela,09093
Burgos,Cebrecos,09094
Burgos,Celada del Camino,09095
Burgos,Cerezo de Río Tirón,09098
Burgos,Cerratón de Juarros,09100
Burgos,Ciadoncha,09101
Burgos,Cillaperlata,09102
Burgos,Cilleruelo de Abajo,09103
Burgos,Cilleruelo de Arriba,09104
Burgos,Ciruelos de Cervera,09105
Burgos,Cogollos,09108
Burgos,Condado de Treviño,09109
Burgos,Contreras,09110
Burgos,Coruña del Conde,09112
Burgos,Covarrubias,09113
Burgos,Cubillo del Campo,09114
Burgos,Cubo de Bureba,09115
Burgos,"Cueva de Roa, La",09117
Burgos,Cuevas de San Clemente,09119
Burgos,Encío,09120
Burgos,Espinosa de Cervera,09122
Burgos,Espinosa de los Monteros,09124
Burgos,Espinosa del Camino,09123
Burgos,Estépar,09125
Burgos,Fontioso,09127
Burgos,Frandovínez,09128
Burgos,Fresneda de la Sierra Tirón,09129
Burgos,Fresneña,09130
Burgos,Fresnillo de las Dueñas,09131
Burgos,Fresno de Río Tirón,09132
Burgos,Fresno de Rodilla,09133
Burgos,Frías,09134
Burgos,Fuentebureba,09135
Burgos,Fuentecén,09136
Burgos,Fuentelcésped,09137
Burgos,Fuentelisendo,09138
Burgos,Fuentemolinos,09139
Burgos,Fuentenebro,09140
Burgos,Fuentespina,09141
Burgos,Galbarros,09143
Burgos,"Gallega, La",09144
Burgos,Grijalba,09148
Burgos,Grisaleña,09149
Burgos,Gumiel de Izán,09151
Burgos,Gumiel de Mercado,09152
Burgos,Hacinas,09154
Burgos,Haza,09155
Burgos,Hontanas,09159
Burgos,Hontangas,09160
Burgos,Hontoria de la Cantera,09162
Burgos,Hontoria de Valdearados,09164
Burgos,Hontoria del Pinar,09163
Burgos,"Hormazas, Las",09166
Burgos,Hornillos del Camino,09167
Burgos,"Horra, La",09168
Burgos,Hortigüela,09169
Burgos,Hoyales de Roa,09170
Burgos,Huérmeces,09172
Burgos,Huerta de Arriba,09173
Burgos,Huerta de Rey,09174
Burgos,Humada,09175
Burgos,Hurones,09176
Burgos,Ibeas de Juarros,09177
Burgos,Ibrillos,09178
Burgos,Iglesiarrubia,09179
Burgos,Iglesias,09180
Burgos,Isar,09181
Burgos,Itero del Castillo,09182
Burgos,Jaramillo de la Fuente,09183
Burgos,Jaramillo Quemado,09184
Burgos,Junta de Traslaloma,09189
Burgos,Junta de Villalba de Losa,09190
Burgos,Jurisdicción de Lara,09191
Burgos,Jurisdicción de San Zadornil,09192
Burgos,Lerma,09194
Burgos,Llano de Bureba,09195
Burgos,Madrigal del Monte,09196
Burgos,Madrigalejo del Monte,09197
Burgos,Mahamud,09198
Burgos,Mambrilla de Castrejón,09199
Burgos,Mambrillas de Lara,09200
Burgos,Mamolar,09201
Burgos,Manciles,09202
Burgos,Mazuela,09206
Burgos,Mecerreyes,09208
Burgos,Medina de Pomar,09209
Burgos,Melgar de Fernamental,09211
Burgos,Merindad de Cuesta-Urria,09213
Burgos,Merindad de Montija,09214
Burgos,Merindad de Río Ubierna,09906
Burgos,Merindad de Sotoscueva,09215
Burgos,Merindad de Valdeporres,09216
Burgos,Merindad de Valdivielso,09217
Burgos,Milagros,09218
Burgos,Miranda de Ebro,09219
Burgos,Miraveche,09220
Burgos,Modúbar de la Emparedada,09221
Burgos,Monasterio de la Sierra,09223
Burgos,Monasterio de Rodilla,09224
Burgos,Moncalvillo,09225
Burgos,Monterrubio de la Demanda,09226
Burgos,Montorio,09227
Burgos,Moradillo de Roa,09228
Burgos,Nava de Roa,09229
Burgos,Navas de Bureba,09230
Burgos,Nebreda,09231
Burgos,Neila,09232
Burgos,Olmedillo de Roa,09235
Burgos,Olmillos de Muñó,09236
Burgos,Oña,09238
Burgos,Oquillas,09239
Burgos,Orbaneja Riopico,09241
Burgos,Padilla de Abajo,09242
Burgos,Padilla de Arriba,09243
Burgos,Padrones de Bureba,09244
Burgos,Palacios de la Sierra,09246
Burgos,Palacios de Riopisuerga,09247
Burgos,Palazuelos de la Sierra,09248
Burgos,Palazuelos de Muñó,09249
Burgos,Pampliega,09250
Burgos,Pancorbo,09251
Burgos,Pardilla,09253
Burgos,Partido de la Sierra en Tobalina,09255
Burgos,Pedrosa de Duero,09256
Burgos,Pedrosa de Río Úrbel,09259
Burgos,Pedrosa del Páramo,09257
Burgos,Pedrosa del Príncipe,09258
Burgos,Peñaranda de Duero,09261
Burgos,Peral de Arlanza,09262
Burgos,Piérnigas,09265
Burgos,Pineda de la Sierra,09266
Burgos,Pineda Trasmonte,09267
Burgos,Pinilla de los Barruecos,09268
Burgos,Pinilla de los Moros,09269
Burgos,Pinilla Trasmonte,09270
Burgos,Poza de la Sal,09272
Burgos,Prádanos de Bureba,09273
Burgos,Pradoluengo,09274
Burgos,Presencio,09275
Burgos,"Puebla de Arganzón, La",09276
Burgos,Puentedura,09277
Burgos,Quemada,09279
Burgos,Quintana del Pidio,09281
Burgos,Quintanabureba,09280
Burgos,Quintanaélez,09283
Burgos,Quintanaortuño,09287
Burgos,Quintanapalla,09288
Burgos,Quintanar de la Sierra,09289
Burgos,Quintanavides,09292
Burgos,Quintanilla de la Mata,09294
Burgos,Quintanilla del Agua y Tordueles,09901
Burgos,Quintanilla del Coco,09295
Burgos,Quintanilla San García,09298
Burgos,Quintanilla Vivar,09301
Burgos,"Quintanillas, Las",09297
Burgos,Rabanera del Pinar,09302
Burgos,Rábanos,09303
Burgos,Rabé de las Calzadas,09304
Burgos,Rebolledo de la Torre,09306
Burgos,Redecilla del Camino,09307
Burgos,Redecilla del Campo,09308
Burgos,Regumiel de la Sierra,09309
Burgos,Reinoso,09310
Burgos,Retuerta,09311
Burgos,Revilla del Campo,09314
Burgos,Revilla Vallejera,09316
Burgos,"Revilla y Ahedo, La",09312
Burgos,Revillarruz,09315
Burgos,Rezmondo,09317
Burgos,Riocavado de la Sierra,09318
Burgos,Roa,09321
Burgos,Rojas,09323
Burgos,Royuela de Río Franco,09325
Burgos,Rubena,09326
Burgos,Rublacedo de Abajo,09327
Burgos,Rucandio,09328
Burgos,Salas de Bureba,09329
Burgos,Salas de los Infantes,09330
Burgos,Saldaña de Burgos,09332
Burgos,Salinillas de Bureba,09334
Burgos,San Adrián de Juarros,09335
Burgos,San Juan del Monte,09337
Burgos,San Mamés de Burgos,09338
Burgos,San Martín de Rubiales,09339
Burgos,San Millán de Lara,09340
Burgos,San Vicente del Valle,09360
Burgos,Santa Cecilia,09343
Burgos,Santa Cruz de la Salceda,09345
Burgos,Santa Cruz del Valle Urbión,09346
Burgos,Santa Gadea del Cid,09347
Burgos,Santa Inés,09348
Burgos,Santa María del Campo,09350
Burgos,Santa María del Invierno,09351
Burgos,Santa María del Mercadillo,09352
Burgos,Santa María Ribarredonda,09353
Burgos,Santa Olalla de Bureba,09354
Burgos,Santibáñez de Esgueva,09355
Burgos,Santibáñez del Val,09356
Burgos,Santo Domingo de Silos,09358
Burgos,Sargentes de la Lora,09361
Burgos,Sarracín,09362
Burgos,Sasamón,09363
Burgos,"Sequera de Haza, La",09365
Burgos,Solarana,09366
Burgos,Sordillos,09368
Burgos,Sotillo de la Ribera,09369
Burgos,Sotragero,09372
Burgos,Sotresgudo,09373
Burgos,Susinos del Páramo,09374
Burgos,Tamarón,09375
Burgos,Tardajos,09377
Burgos,Tejada,09378
Burgos,Terradillos de Esgueva,09380
Burgos,Tinieblas de la Sierra,09381
Burgos,Tobar,09382
Burgos,Tordómar,09384
Burgos,Torrecilla del Monte,09386
Burgos,Torregalindo,09387
Burgos,Torrelara,09388
Burgos,Torrepadre,09389
Burgos,Torresandino,09390
Burgos,Tórtoles de Esgueva,09391
Burgos,Tosantos,09392
Burgos,Trespaderne,09394
Burgos,Tubilla del Agua,09395
Burgos,Tubilla del Lago,09396
Burgos,Úrbel del Castillo,09398
Burgos,Vadocondes,09400
Burgos,Valdeande,09403
Burgos,Valdezate,09405
Burgos,Valdorros,09406
Burgos,Vallarta de Bureba,09408
Burgos,Valle de las Navas,09904
Burgos,Valle de Losa,09908
Burgos,Valle de Manzanedo,09409
Burgos,Valle de Mena,09410
Burgos,Valle de Oca,09411
Burgos,Valle de Santibáñez,09902
Burgos,Valle de Sedano,09905
Burgos,Valle de Tobalina,09412
Burgos,Valle de Valdebezana,09413
Burgos,Valle de Valdelaguna,09414
Burgos,Valle de Valdelucio,09415
Burgos,Valle de Zamanzas,09416
Burgos,Vallejera,09417
Burgos,Valles de Palenzuela,09418
Burgos,Valluércanes,09419
Burgos,Valmala,09407
Burgos,"Vid de Bureba, La",09422
Burgos,"Vid y Barrios, La",09421
Burgos,Vileña,09423
Burgos,Villadiego,09427
Burgos,Villaescusa de Roa,09428
Burgos,Villaescusa la Sombría,09429
Burgos,Villaespasa,09430
Burgos,Villafranca Montes de Oca,09431
Burgos,Villafruela,09432
Burgos,Villagalijo,09433
Burgos,Villagonzalo Pedernales,09434
Burgos,Villahoz,09437
Burgos,Villalba de Duero,09438
Burgos,Villalbilla de Burgos,09439
Burgos,Villalbilla de Gumiel,09440
Burgos,Villaldemiro,09441
Burgos,Villalmanzo,09442
Burgos,Villamayor de los Montes,09443
Burgos,Villamayor de Treviño,09444
Burgos,Villambistia,09445
Burgos,Villamedianilla,09446
Burgos,Villamiel de la Sierra,09447
Burgos,Villangómez,09448
Burgos,Villanueva de Argaño,09449
Burgos,Villanueva de Carazo,09450
Burgos,Villanueva de Gumiel,09451
Burgos,Villanueva de Teba,09454
Burgos,Villaquirán de la Puebla,09455
Burgos,Villaquirán de los Infantes,09456
Burgos,Villarcayo de Merindad de Castilla la Vieja,09903
Burgos,Villariezo,09458
Burgos,Villasandino,09460
Burgos,Villasur de Herreros,09463
Burgos,Villatuelda,09464
Burgos,Villaverde del Monte,09466
Burgos,Villaverde-Mogina,09467
Burgos,Villayerno Morquillas,09471
Burgos,Villazopeque,09472
Burgos,Villegas,09473
Burgos,Villoruebo,09476
Burgos,Viloria de Rioja,09424
Burgos,Vilviestre del Pinar,09425
Burgos,Vizcaínos,09478
Burgos,Zael,09480
Burgos,Zarzosa de Río Pisuerga,09482
Burgos,Zazuar,09483
Burgos,Zuñeda,09485
Cáceres,Abadía,10001
Cáceres,Abertura,10002
Cáceres,Acebo,10003
Cáceres,Acehúche,10004
Cáceres,Aceituna,10005
Cáceres,Ahigal,10006
Cáceres,Alagón del Río,10903
Cáceres,Albalá,10007
Cáceres,Alcántara,10008
Cáceres,Alcollarín,10009
Cáceres,Alcuéscar,10010
Cáceres,Aldea del Cano,10012
Cáceres,"Aldea del Obispo, La",10013
Cáceres,Aldeacentenera,10011
Cáceres,Aldeanueva de la Vera,10014
Cáceres,Aldeanueva del Camino,10015
Cáceres,Aldehuela de Jerte,10016
Cáceres,Alía,10017
Cáceres,Aliseda,10018
Cáceres,Almaraz,10019
Cáceres,Almoharín,10020
Cáceres,Arroyo de la Luz,10021
Cáceres,Arroyomolinos,10023
Cáceres,Arroyomolinos de la Vera,10022
Cáceres,Baños de Montemayor,10024
Cáceres,Barrado,10025
Cáceres,Belvís de Monroy,10026
Cáceres,Benquerencia,10027
Cáceres,Berrocalejo,10028
Cáceres,Berzocana,10029
Cáceres,Bohonal de Ibor,10030
Cáceres,Botija,10031
Cáceres,Brozas,10032
Cáceres,Cabañas del Castillo,10033
Cáceres,Cabezabellosa,10034
Cáceres,Cabezuela del Valle,10035
Cáceres,Cabrero,10036
Cáceres,Cáceres,10037
Cáceres,Cachorrilla,10038
Cáceres,Cadalso,10039
Cáceres,Calzadilla,10040
Cáceres,Caminomorisco,10041
Cáceres,Campillo de Deleitosa,10042
Cáceres,Campo Lugar,10043
Cáceres,Cañamero,10044
Cáceres,Cañaveral,10045
Cáceres,Carbajo,10046
Cáceres,Carcaboso,10047
Cáceres,Carrascalejo,10048
Cáceres,Casar de Cáceres,10049
Cáceres,Casar de Palomero,10050
Cáceres,Casares de las Hurdes,10051
Cáceres,Casas de Don Antonio,10052
Cáceres,Casas de Don Gómez,10053
Cáceres,Casas de Millán,10056
Cáceres,Casas de Miravete,10057
Cáceres,Casas del Castañar,10054
Cáceres,Casas del Monte,10055
Cáceres,Casatejada,10058
Cáceres,Casillas de Coria,10059
Cáceres,Castañar de Ibor,10060
Cáceres,Ceclavín,10061
Cáceres,Cedillo,10062
Cáceres,Cerezo,10063
Cáceres,Cilleros,10064
Cáceres,Collado de la Vera,10065
Cáceres,Conquista de la Sierra,10066
Cáceres,Coria,10067
Cáceres,Cuacos de Yuste,10068
Cáceres,"Cumbre, La",10069
Cáceres,Deleitosa,10070
Cáceres,Descargamaría,10071
Cáceres,Eljas,10072
Cáceres,Escurial,10073
Cáceres,Fresnedoso de Ibor,10075
Cáceres,Galisteo,10076
Cáceres,Garciaz,10077
Cáceres,Garganta la Olla,10079
Cáceres,"Garganta, La",10078
Cáceres,Gargantilla,10080
Cáceres,Gargüera,10081
Cáceres,Garrovillas de Alconétar,10082
Cáceres,Garvín,10083
Cáceres,Gata,10084
Cáceres,"Gordo, El",10085
Cáceres,"Granja, La",10086
Cáceres,Guadalupe,10087
Cáceres,Guijo de Coria,10088
Cáceres,Guijo de Galisteo,10089
Cáceres,Guijo de Granadilla,10090
Cáceres,Guijo de Santa Bárbara,10091
Cáceres,Herguijuela,10092
Cáceres,Hernán-Pérez,10093
Cáceres,Herrera de Alcántara,10094
Cáceres,Herreruela,10095
Cáceres,Hervás,10096
Cáceres,Higuera de Albalat,10097
Cáceres,Hinojal,10098
Cáceres,Holguera,10099
Cáceres,Hoyos,10100
Cáceres,Huélaga,10101
Cáceres,Ibahernando,10102
Cáceres,Jaraicejo,10103
Cáceres,Jaraíz de la Vera,10104
Cáceres,Jarandilla de la Vera,10105
Cáceres,Jarilla,10106
Cáceres,Jerte,10107
Cáceres,Ladrillar,10108
Cáceres,Logrosán,10109
Cáceres,Losar de la Vera,10110
Cáceres,Madrigal de la Vera,10111
Cáceres,Madrigalejo,10112
Cáceres,Madroñera,10113
Cáceres,Majadas,10114
Cáceres,Malpartida de Cáceres,10115
Cáceres,Malpartida de Plasencia,10116
Cáceres,Marchagaz,10117
Cáceres,Mata de Alcántara,10118
Cáceres,Membrío,10119
Cáceres,Mesas de Ibor,10120
Cáceres,Miajadas,10121
Cáceres,Millanes,10122
Cáceres,Mirabel,10123
Cáceres,Mohedas de Granadilla,10124
Cáceres,Monroy,10125
Cáceres,Montánchez,10126
Cáceres,Montehermoso,10127
Cáceres,Moraleja,10128
Cáceres,Morcillo,10129
Cáceres,Navaconcejo,10130
Cáceres,Navalmoral de la Mata,10131
Cáceres,Navalvillar de Ibor,10132
Cáceres,Navas del Madroño,10133
Cáceres,Navezuelas,10134
Cáceres,Nuñomoral,10135
Cáceres,Oliva de Plasencia,10136
Cáceres,Palomero,10137
Cáceres,Pasarón de la Vera,10138
Cáceres,Pedroso de Acim,10139
Cáceres,Peraleda de la Mata,10140
Cáceres,Peraleda de San Román,10141
Cáceres,Perales del Puerto,10142
Cáceres,Pescueza,10143
Cáceres,"Pesga, La",10144
Cáceres,Piedras Albas,10145
Cáceres,Pinofranqueado,10146
Cáceres,Piornal,10147
Cáceres,Plasencia,10148
Cáceres,Plasenzuela,10149
Cáceres,Portaje,10150
Cáceres,Portezuelo,10151
Cáceres,Pozuelo de Zarzón,10152
Cáceres,Pueblonuevo de Miramontes,10905
Cáceres,Puerto de Santa Cruz,10153
Cáceres,Rebollar,10154
Cáceres,Riolobos,10155
Cáceres,Robledillo de Gata,10156
Cáceres,Robledillo de la Vera,10157
Cáceres,Robledillo de Trujillo,10158
Cáceres,Robledollano,10159
Cáceres,Romangordo,10160
Cáceres,Rosalejo,10901
Cáceres,Ruanes,10161
Cáceres,Salorino,10162
Cáceres,Salvatierra de Santiago,10163
Cáceres,San Martín de Trevejo,10164
Cáceres,Santa Ana,10165
Cáceres,Santa Cruz de la Sierra,10166
Cáceres,Santa Cruz de Paniagua,10167
Cáceres,Santa Marta de Magasca,10168
Cáceres,Santiago de Alcántara,10169
Cáceres,Santiago del Campo,10170
Cáceres,Santibáñez el Alto,10171
Cáceres,Santibáñez el Bajo,10172
Cáceres,Saucedilla,10173
Cáceres,Segura de Toro,10174
Cáceres,Serradilla,10175
Cáceres,Serrejón,10176
Cáceres,Sierra de Fuentes,10177
Cáceres,Talaván,10178
Cáceres,Talaveruela de la Vera,10179
Cáceres,Talayuela,10180
Cáceres,Tejeda de Tiétar,10181
Cáceres,Tiétar,10904
Cáceres,Toril,10182
Cáceres,Tornavacas,10183
Cáceres,"Torno, El",10184
Cáceres,Torre de Don Miguel,10187
Cáceres,Torre de Santa María,10188
Cáceres,Torrecilla de los Ángeles,10185
Cáceres,Torrecillas de la Tiesa,10186
Cáceres,Torrejón el Rubio,10190
Cáceres,Torrejoncillo,10189
Cáceres,Torremenga,10191
Cáceres,Torremocha,10192
Cáceres,Torreorgaz,10193
Cáceres,Torrequemada,10194
Cáceres,Trujillo,10195
Cáceres,Valdastillas,10196
Cáceres,Valdecañas de Tajo,10197
Cáceres,Valdefuentes,10198
Cáceres,Valdehúncar,10199
Cáceres,Valdelacasa de Tajo,10200
Cáceres,Valdemorales,10201
Cáceres,Valdeobispo,10202
Cáceres,Valencia de Alcántara,10203
Cáceres,Valverde de la Vera,10204
Cáceres,Valverde del Fresno,10205
Cáceres,Vegaviana,10902
Cáceres,Viandar de la Vera,10206
Cáceres,Villa del Campo,10207
Cáceres,Villa del Rey,10208
Cáceres,Villamesías,10209
Cáceres,Villamiel,10210
Cáceres,Villanueva de la Sierra,10211
Cáceres,Villanueva de la Vera,10212
Cáceres,Villar de Plasencia,10214
Cáceres,Villar del Pedroso,10213
Cáceres,Villasbuenas de Gata,10215
Cáceres,Zarza de Granadilla,10216
Cáceres,Zarza de Montánchez,10217
Cáceres,Zarza la Mayor,10218
Cáceres,Zorita,10219
Cádiz,Alcalá de los Gazules,11001
Cádiz,Alcalá del Valle,11002
Cádiz,Algar,11003
Cádiz,Algeciras,11004
Cádiz,Algodonales,11005
Cádiz,Arcos de la Frontera,11006
Cádiz,Barbate,11007
Cádiz,"Barrios, Los",11008
Cádiz,Benalup-Casas Viejas,11901
Cádiz,Benaocaz,11009
Cádiz,Bornos,11010
Cádiz,"Bosque, El",11011
Cádiz,Cádiz,11012
Cádiz,Castellar de la Frontera,11013
Cádiz,Chiclana de la Frontera,11015
Cádiz,Chipiona,11016
Cádiz,Conil de la Frontera,11014
Cádiz,Espera,11017
Cádiz,"Gastor, El",11018
Cádiz,Grazalema,11019
Cádiz,Jerez de la Frontera,11020
Cádiz,Jimena de la Frontera,11021
Cádiz,"Línea de la Concepción, La",11022
Cádiz,Medina Sidonia,11023
Cádiz,Olvera,11024
Cádiz,Paterna de Rivera,11025
Cádiz,Prado del Rey,11026
Cádiz,"Puerto de Santa María, El",11027
Cádiz,Puerto Real,11028
Cádiz,Puerto Serrano,11029
Cádiz,Rota,11030
Cádiz,San Fernando,11031
Cádiz,San José del Valle,11902
Cádiz,San Martín del Tesorillo,11903
Cádiz,San Roque,11033
Cádiz,Sanlúcar de Barrameda,11032
Cádiz,Setenil de las Bodegas,11034
Cádiz,Tarifa,11035
Cádiz,Torre Alháquime,11036
Cádiz,Trebujena,11037
Cádiz,Ubrique,11038
Cádiz,Vejer de la Frontera,11039
Cádiz,Villaluenga del Rosario,11040
Cádiz,Villamartín,11041
Cádiz,Zahara,11042
Castellón,Aín,12002
Castellón,Albocàsser,12003
Castellón,Alcalà de Xivert,12004
Castellón,"Alcora, l'",12005
Castellón,Alcudia de Veo,12006
Castellón,Alfondeguilla,12007
Castellón,Algimia de Almonacid,12008
Castellón,Almassora,12009
Castellón,Almedíjar,12010
Castellón,Almenara,12011
Castellón,"Alqueries, les/Alquerías del Niño Perdido",12901
Castellón,Altura,12012
Castellón,Arañuel,12013
Castellón,Ares del Maestrat,12014
Castellón,Argelita,12015
Castellón,Artana,12016
Castellón,Atzeneta del Maestrat,12001
Castellón,Ayódar,12017
Castellón,Azuébar,12018
Castellón,Barracas,12020
Castellón,Bejís,12022
Castellón,Benafer,12024
Castellón,Benafigos,12025
Castellón,Benassal,12026
Castellón,Benicarló,12027
Castellón,Benicàssim/Benicasim,12028
Castellón,Benlloc,12029
Castellón,Betxí,12021
Castellón,Borriana/Burriana,12032
Castellón,Borriol,12031
Castellón,Cabanes,12033
Castellón,Càlig,12034
Castellón,Canet lo Roig,12036
Castellón,Castell de Cabres,12037
Castellón,Castellfort,12038
Castellón,Castellnovo,12039
Castellón,Castelló de la Plana/Castellón de la Plana,12040
Castellón,Castillo de Villamalefa,12041
Castellón,Catí,12042
Castellón,Caudiel,12043
Castellón,Cervera del Maestre,12044
Castellón,Chilches/Xilxes,12053
Castellón,Chóvar,12056
Castellón,Cinctorres,12045
Castellón,Cirat,12046
Castellón,Cortes de Arenoso,12048
Castellón,Costur,12049
Castellón,"Coves de Vinromà, les",12050
Castellón,Culla,12051
Castellón,Eslida,12057
Castellón,Espadilla,12058
Castellón,Fanzara,12059
Castellón,Figueroles,12060
Castellón,Forcall,12061
Castellón,Fuente la Reina,12063
Castellón,Fuentes de Ayódar,12064
Castellón,Gaibiel,12065
Castellón,Geldo,12067
Castellón,Herbers,12068
Castellón,Higueras,12069
Castellón,"Jana, la",12070
Castellón,Jérica,12071
Castellón,"Llosa, la",12074
Castellón,Llucena/Lucena del Cid,12072
Castellón,Ludiente,12073
Castellón,"Mata de Morella, la",12075
Castellón,Matet,12076
Castellón,Moncofa,12077
Castellón,Montán,12078
Castellón,Montanejos,12079
Castellón,Morella,12080
Castellón,Navajas,12081
Castellón,Nules,12082
Castellón,Olocau del Rey,12083
Castellón,Onda,12084
Castellón,Orpesa/Oropesa del Mar,12085
Castellón,Palanques,12087
Castellón,Pavías,12088
Castellón,Peníscola/Peñíscola,12089
Castellón,Pina de Montalgrao,12090
Castellón,"Pobla de Benifassà, la",12093
Castellón,"Pobla Tornesa, la",12094
Castellón,Portell de Morella,12091
Castellón,Puebla de Arenoso,12092
Castellón,Ribesalbes,12095
Castellón,Rossell,12096
Castellón,Sacañet,12097
Castellón,"Salzadella, la",12098
Castellón,San Rafael del Río,12101
Castellón,Sant Joan de Moró,12902
Castellón,Sant Jordi/San Jorge,12099
Castellón,Sant Mateu,12100
Castellón,Santa Magdalena de Pulpis,12102
Castellón,Segorbe,12104
Castellón,"Serratella, la",12103
Castellón,Sierra Engarcerán,12105
Castellón,Soneja,12106
Castellón,Sot de Ferrer,12107
Castellón,Suera/Sueras,12108
Castellón,Tales,12109
Castellón,Teresa,12110
Castellón,Tírig,12111
Castellón,Todolella,12112
Castellón,Toga,12113
Castellón,Torás,12114
Castellón,"Toro, El",12115
Castellón,Torralba del Pinar,12116
Castellón,"Torre d'en Besora, la",12119
Castellón,"Torre d'en Doménec, la",12120
Castellón,Torreblanca,12117
Castellón,Torrechiva,12118
Castellón,Traiguera,12121
Castellón,"Useres, les/Useras",12122
Castellón,Vall d'Alba,12124
Castellón,Vall de Almonacid,12125
Castellón,"Vall d'Uixó, la",12126
Castellón,Vallat,12123
Castellón,Vallibona,12127
Castellón,Vilafamés,12128
Castellón,Vilafranca/Villafranca del Cid,12129
Castellón,Vilanova d'Alcolea,12132
Castellón,Vilar de Canes,12134
Castellón,Vila-real,12135
Castellón,"Vilavella, la",12136
Castellón,Villahermosa del Río,12130
Castellón,Villamalur,12131
Castellón,Villanueva de Viver,12133
Castellón,Villores,12137
Castellón,Vinaròs,12138
Castellón,Vistabella del Maestrat,12139
Castellón,Viver,12140
Castellón,Xert,12052
Castellón,Xodos/Chodos,12055
Castellón,Zorita del Maestrazgo,12141
Castellón,Zucaina,12142
Ciudad Real,Abenójar,13001
Ciudad Real,Agudo,13002
Ciudad Real,Alamillo,13003
Ciudad Real,Albaladejo,13004
Ciudad Real,Alcázar de San Juan,13005
Ciudad Real,Alcoba,13006
Ciudad Real,Alcolea de Calatrava,13007
Ciudad Real,Alcubillas,13008
Ciudad Real,Aldea del Rey,13009
Ciudad Real,Alhambra,13010
Ciudad Real,Almadén,13011
Ciudad Real,Almadenejos,13012
Ciudad Real,Almagro,13013
Ciudad Real,Almedina,13014
Ciudad Real,Almodóvar del Campo,13015
Ciudad Real,Almuradiel,13016
Ciudad Real,Anchuras,13017
Ciudad Real,Arenales de San Gregorio,13903
Ciudad Real,Arenas de San Juan,13018
Ciudad Real,Argamasilla de Alba,13019
Ciudad Real,Argamasilla de Calatrava,13020
Ciudad Real,Arroba de los Montes,13021
Ciudad Real,Ballesteros de Calatrava,13022
Ciudad Real,Bolaños de Calatrava,13023
Ciudad Real,Brazatortas,13024
Ciudad Real,Cabezarados,13025
Ciudad Real,Cabezarrubias del Puerto,13026
Ciudad Real,Calzada de Calatrava,13027
Ciudad Real,Campo de Criptana,13028
Ciudad Real,Cañada de Calatrava,13029
Ciudad Real,Caracuel de Calatrava,13030
Ciudad Real,Carrión de Calatrava,13031
Ciudad Real,Carrizosa,13032
Ciudad Real,Castellar de Santiago,13033
Ciudad Real,Chillón,13038
Ciudad Real,Ciudad Real,13034
Ciudad Real,Corral de Calatrava,13035
Ciudad Real,"Cortijos, Los",13036
Ciudad Real,Cózar,13037
Ciudad Real,Daimiel,13039
Ciudad Real,Fernán Caballero,13040
Ciudad Real,Fontanarejo,13041
Ciudad Real,Fuencaliente,13042
Ciudad Real,Fuenllana,13043
Ciudad Real,Fuente el Fresno,13044
Ciudad Real,Granátula de Calatrava,13045
Ciudad Real,Guadalmez,13046
Ciudad Real,Herencia,13047
Ciudad Real,Hinojosas de Calatrava,13048
Ciudad Real,Horcajo de los Montes,13049
Ciudad Real,"Labores, Las",13050
Ciudad Real,Llanos del Caudillo,13904
Ciudad Real,Luciana,13051
Ciudad Real,Malagón,13052
Ciudad Real,Manzanares,13053
Ciudad Real,Membrilla,13054
Ciudad Real,Mestanza,13055
Ciudad Real,Miguelturra,13056
Ciudad Real,Montiel,13057
Ciudad Real,Moral de Calatrava,13058
Ciudad Real,Navalpino,13059
Ciudad Real,Navas de Estena,13060
Ciudad Real,Pedro Muñoz,13061
Ciudad Real,Picón,13062
Ciudad Real,Piedrabuena,13063
Ciudad Real,Poblete,13064
Ciudad Real,Porzuna,13065
Ciudad Real,Pozuelo de Calatrava,13066
Ciudad Real,"Pozuelos de Calatrava, Los",13067
Ciudad Real,Puebla de Don Rodrigo,13068
Ciudad Real,Puebla del Príncipe,13069
Ciudad Real,Puerto Lápice,13070
Ciudad Real,Puertollano,13071
Ciudad Real,Retuerta del Bullaque,13072
Ciudad Real,"Robledo, El",13901
Ciudad Real,Ruidera,13902
Ciudad Real,Saceruela,13073
Ciudad Real,San Carlos del Valle,13074
Ciudad Real,San Lorenzo de Calatrava,13075
Ciudad Real,Santa Cruz de los Cáñamos,13076
Ciudad Real,Santa Cruz de Mudela,13077
Ciudad Real,Socuéllamos,13078
Ciudad Real,Solana del Pino,13080
Ciudad Real,"Solana, La",13079
Ciudad Real,Terrinches,13081
Ciudad Real,Tomelloso,13082
Ciudad Real,Torralba de Calatrava,13083
Ciudad Real,Torre de Juan Abad,13084
Ciudad Real,Torrenueva,13085
Ciudad Real,Valdemanco del Esteras,13086
Ciudad Real,Valdepeñas,13087
Ciudad Real,Valenzuela de Calatrava,13088
Ciudad Real,Villahermosa,13089
Ciudad Real,Villamanrique,13090
Ciudad Real,Villamayor de Calatrava,13091
Ciudad Real,Villanueva de la Fuente,13092
Ciudad Real,Villanueva de los Infantes,13093
Ciudad Real,Villanueva de San Carlos,13094
Ciudad Real,Villar del Pozo,13095
Ciudad Real,Villarrubia de los Ojos,13096
Ciudad Real,Villarta de San Juan,13097
Ciudad Real,Viso del Marqués,13098
Córdoba,Adamuz,14001
Córdoba,Aguilar de la Frontera,14002
Córdoba,Alcaracejos,14003
Córdoba,Almedinilla,14004
Córdoba,Almodóvar del Río,14005
Córdoba,Añora,14006
Córdoba,Baena,14007
Córdoba,Belalcázar,14008
Córdoba,Belmez,14009
Córdoba,Benamejí,14010
Córdoba,"Blázquez, Los",14011
Córdoba,Bujalance,14012
Córdoba,Cabra,14013
Córdoba,Cañete de las Torres,14014
Córdoba,Carcabuey,14015
Córdoba,Cardeña,14016
Córdoba,"Carlota, La",14017
Córdoba,"Carpio, El",14018
Córdoba,Castro del Río,14019
Córdoba,Conquista,14020
Córdoba,Córdoba,14021
Córdoba,Doña Mencía,14022
Córdoba,Dos Torres,14023
Córdoba,Encinas Reales,14024
Córdoba,Espejo,14025
Córdoba,Espiel,14026
Córdoba,Fernán-Núñez,14027
Córdoba,Fuente Carreteros,14901
Córdoba,Fuente la Lancha,14028
Córdoba,Fuente Obejuna,14029
Córdoba,Fuente Palmera,14030
Córdoba,Fuente-Tójar,14031
Córdoba,"Granjuela, La",14032
Córdoba,Guadalcázar,14033
Córdoba,"Guijarrosa, La",14902
Córdoba,"Guijo, El",14034
Córdoba,Hinojosa del Duque,14035
Córdoba,Hornachuelos,14036
Córdoba,Iznájar,14037
Córdoba,Lucena,14038
Córdoba,Luque,14039
Córdoba,Montalbán de Córdoba,14040
Córdoba,Montemayor,14041
Córdoba,Montilla,14042
Córdoba,Montoro,14043
Córdoba,Monturque,14044
Córdoba,Moriles,14045
Córdoba,Nueva Carteya,14046
Córdoba,Obejo,14047
Córdoba,Palenciana,14048
Córdoba,Palma del Río,14049
Córdoba,Pedro Abad,14050
Córdoba,Pedroche,14051
Córdoba,Peñarroya-Pueblonuevo,14052
Córdoba,Posadas,14053
Córdoba,Pozoblanco,14054
Córdoba,Priego de Córdoba,14055
Córdoba,Puente Genil,14056
Córdoba,"Rambla, La",14057
Córdoba,Rute,14058
Córdoba,San Sebastián de los Ballesteros,14059
Córdoba,Santa Eufemia,14061
Córdoba,Santaella,14060
Córdoba,Torrecampo,14062
Córdoba,Valenzuela,14063
Córdoba,Valsequillo,14064
Córdoba,"Victoria, La",14065
Córdoba,Villa del Río,14066
Córdoba,Villafranca de Córdoba,14067
Córdoba,Villaharta,14068
Córdoba,Villanueva de Córdoba,14069
Córdoba,Villanueva del Duque,14070
Córdoba,Villanueva del Rey,14071
Córdoba,Villaralto,14072
Córdoba,Villaviciosa de Córdoba,14073
Córdoba,"Viso, El",14074
Córdoba,Zuheros,14075
A Coruña,Abegondo,15001
A Coruña,Ames,15002
A Coruña,Aranga,15003
A Coruña,Ares,15004
A Coruña,Arteixo,15005
A Coruña,Arzúa,15006
A Coruña,"Baña, A",15007
A Coruña,Bergondo,15008
A Coruña,Betanzos,15009
A Coruña,Boimorto,15010
A Coruña,Boiro,15011
A Coruña,Boqueixón,15012
A Coruña,Brión,15013
A Coruña,Cabana de Bergantiños,15014
A Coruña,Cabanas,15015
A Coruña,Camariñas,15016
A Coruña,Cambre,15017
A Coruña,"Capela, A",15018
A Coruña,Carballo,15019
A Coruña,Cariño,15901
A Coruña,Carnota,15020
A Coruña,Carral,15021
A Coruña,Cedeira,15022
A Coruña,Cee,15023
A Coruña,Cerceda,15024
A Coruña,Cerdido,15025
A Coruña,Coirós,15027
A Coruña,Corcubión,15028
A Coruña,Coristanco,15029
A Coruña,"Coruña, A",15030
A Coruña,Culleredo,15031
A Coruña,Curtis,15032
A Coruña,Dodro,15033
A Coruña,Dumbría,15034
A Coruña,Fene,15035
A Coruña,Ferrol,15036
A Coruña,Fisterra,15037
A Coruña,Frades,15038
A Coruña,Irixoa,15039
A Coruña,"Laracha, A",15041
A Coruña,Laxe,15040
A Coruña,Lousame,15042
A Coruña,Malpica de Bergantiños,15043
A Coruña,Mañón,15044
A Coruña,Mazaricos,15045
A Coruña,Melide,15046
A Coruña,Mesía,15047
A Coruña,Miño,15048
A Coruña,Moeche,15049
A Coruña,Monfero,15050
A Coruña,Mugardos,15051
A Coruña,Muros,15053
A Coruña,Muxía,15052
A Coruña,Narón,15054
A Coruña,Neda,15055
A Coruña,Negreira,15056
A Coruña,Noia,15057
A Coruña,Oleiros,15058
A Coruña,Ordes,15059
A Coruña,Oroso,15060
A Coruña,Ortigueira,15061
A Coruña,Outes,15062
A Coruña,Oza-Cesuras,15902
A Coruña,Paderne,15064
A Coruña,Padrón,15065
A Coruña,"Pino, O",15066
A Coruña,"Pobra do Caramiñal, A",15067
A Coruña,Ponteceso,15068
A Coruña,Pontedeume,15069
A Coruña,"Pontes de García Rodríguez, As",15070
A Coruña,Porto do Son,15071
A Coruña,Rianxo,15072
A Coruña,Ribeira,15073
A Coruña,Rois,15074
A Coruña,Sada,15075
A Coruña,San Sadurniño,15076
A Coruña,Santa Comba,15077
A Coruña,Santiago de Compostela,15078
A Coruña,Santiso,15079
A Coruña,Sobrado,15080
A Coruña,"Somozas, As",15081
A Coruña,Teo,15082
A Coruña,Toques,15083
A Coruña,Tordoia,15084
A Coruña,Touro,15085
A Coruña,Trazo,15086
A Coruña,Val do Dubra,15088
A Coruña,Valdoviño,15087
A Coruña,Vedra,15089
A Coruña,Vilarmaior,15091
A Coruña,Vilasantar,15090
A Coruña,Vimianzo,15092
A Coruña,Zas,15093
Cuenca,Abia de la Obispalía,16001
Cuenca,"Acebrón, El",16002
Cuenca,Alarcón,16003
Cuenca,Albaladejo del Cuende,16004
Cuenca,Albalate de las Nogueras,16005
Cuenca,Albendea,16006
Cuenca,"Alberca de Záncara, La",16007
Cuenca,Alcalá de la Vega,16008
Cuenca,Alcantud,16009
Cuenca,Alcázar del Rey,16010
Cuenca,Alcohujate,16011
Cuenca,Alconchel de la Estrella,16012
Cuenca,Algarra,16013
Cuenca,Aliaguilla,16014
Cuenca,"Almarcha, La",16015
Cuenca,Almendros,16016
Cuenca,Almodóvar del Pinar,16017
Cuenca,Almonacid del Marquesado,16018
Cuenca,Altarejos,16019
Cuenca,Arandilla del Arroyo,16020
Cuenca,Arcas,16905
Cuenca,Arcos de la Sierra,16022
Cuenca,Arguisuelas,16024
Cuenca,Arrancacepas,16025
Cuenca,Atalaya del Cañavate,16026
Cuenca,Barajas de Melo,16027
Cuenca,Barchín del Hoyo,16029
Cuenca,Bascuñana de San Pedro,16030
Cuenca,Beamud,16031
Cuenca,Belinchón,16032
Cuenca,Belmonte,16033
Cuenca,Belmontejo,16034
Cuenca,Beteta,16035
Cuenca,Boniches,16036
Cuenca,Buciegas,16038
Cuenca,Buenache de Alarcón,16039
Cuenca,Buenache de la Sierra,16040
Cuenca,Buendía,16041
Cuenca,Campillo de Altobuey,16042
Cuenca,Campillos-Paravientos,16043
Cuenca,Campillos-Sierra,16044
Cuenca,Campos del Paraíso,16901
Cuenca,Canalejas del Arroyo,16045
Cuenca,Cañada del Hoyo,16046
Cuenca,Cañada Juncosa,16047
Cuenca,Cañamares,16048
Cuenca,"Cañavate, El",16049
Cuenca,Cañaveras,16050
Cuenca,Cañaveruelas,16051
Cuenca,Cañete,16052
Cuenca,Cañizares,16053
Cuenca,Carboneras de Guadazaón,16055
Cuenca,Cardenete,16056
Cuenca,Carrascosa,16057
Cuenca,Carrascosa de Haro,16058
Cuenca,Casas de Benítez,16060
Cuenca,Casas de Fernando Alonso,16061
Cuenca,Casas de Garcimolina,16062
Cuenca,Casas de Guijarro,16063
Cuenca,Casas de Haro,16064
Cuenca,Casas de los Pinos,16065
Cuenca,Casasimarro,16066
Cuenca,Castejón,16067
Cuenca,Castillejo de Iniesta,16068
Cuenca,Castillejo-Sierra,16070
Cuenca,Castillo de Garcimuñoz,16072
Cuenca,Castillo-Albaráñez,16071
Cuenca,Cervera del Llano,16073
Cuenca,Chillarón de Cuenca,16023
Cuenca,Chumillas,16081
Cuenca,"Cierva, La",16074
Cuenca,Cuenca,16078
Cuenca,Cueva del Hierro,16079
Cuenca,Enguídanos,16082
Cuenca,Fresneda de Altarejos,16083
Cuenca,Fresneda de la Sierra,16084
Cuenca,"Frontera, La",16085
Cuenca,Fuente de Pedro Naharro,16086
Cuenca,Fuentelespino de Haro,16087
Cuenca,Fuentelespino de Moya,16088
Cuenca,Fuentenava de Jábaga,16904
Cuenca,Fuentes,16089
Cuenca,Fuertescusa,16091
Cuenca,Gabaldón,16092
Cuenca,Garaballa,16093
Cuenca,Gascueña,16094
Cuenca,Graja de Campalbo,16095
Cuenca,Graja de Iniesta,16096
Cuenca,Henarejos,16097
Cuenca,"Herrumblar, El",16098
Cuenca,"Hinojosa, La",16099
Cuenca,"Hinojosos, Los",16100
Cuenca,"Hito, El",16101
Cuenca,Honrubia,16102
Cuenca,Hontanaya,16103
Cuenca,Hontecillas,16104
Cuenca,Horcajo de Santiago,16106
Cuenca,Huélamo,16107
Cuenca,Huelves,16108
Cuenca,Huérguina,16109
Cuenca,Huerta de la Obispalía,16110
Cuenca,Huerta del Marquesado,16111
Cuenca,Huete,16112
Cuenca,Iniesta,16113
Cuenca,Laguna del Marquesado,16115
Cuenca,Lagunaseca,16116
Cuenca,Landete,16117
Cuenca,Ledaña,16118
Cuenca,Leganiel,16119
Cuenca,"Majadas, Las",16121
Cuenca,Mariana,16122
Cuenca,Masegosa,16123
Cuenca,"Mesas, Las",16124
Cuenca,Minglanilla,16125
Cuenca,Mira,16126
Cuenca,Monreal del Llano,16128
Cuenca,Montalbanejo,16129
Cuenca,Montalbo,16130
Cuenca,Monteagudo de las Salinas,16131
Cuenca,Mota de Altarejos,16132
Cuenca,Mota del Cuervo,16133
Cuenca,Motilla del Palancar,16134
Cuenca,Moya,16135
Cuenca,Narboneta,16137
Cuenca,Olivares de Júcar,16139
Cuenca,Olmeda de la Cuesta,16140
Cuenca,Olmeda del Rey,16141
Cuenca,Olmedilla de Alarcón,16142
Cuenca,Olmedilla de Eliz,16143
Cuenca,Osa de la Vega,16145
Cuenca,Pajarón,16146
Cuenca,Pajaroncillo,16147
Cuenca,Palomares del Campo,16148
Cuenca,Palomera,16149
Cuenca,Paracuellos,16150
Cuenca,Paredes,16151
Cuenca,"Parra de las Vegas, La",16152
Cuenca,"Pedernoso, El",16153
Cuenca,"Pedroñeras, Las",16154
Cuenca,"Peral, El",16155
Cuenca,"Peraleja, La",16156
Cuenca,"Pesquera, La",16157
Cuenca,"Picazo, El",16158
Cuenca,Pinarejo,16159
Cuenca,Pineda de Gigüela,16160
Cuenca,Piqueras del Castillo,16161
Cuenca,Portalrubio de Guadamejud,16162
Cuenca,Portilla,16163
Cuenca,Poyatos,16165
Cuenca,Pozoamargo,16166
Cuenca,Pozorrubielos de la Mancha,16908
Cuenca,Pozorrubio de Santiago,16167
Cuenca,"Pozuelo, El",16169
Cuenca,Priego,16170
Cuenca,"Provencio, El",16171
Cuenca,Puebla de Almenara,16172
Cuenca,Puebla del Salvador,16174
Cuenca,Quintanar del Rey,16175
Cuenca,Rada de Haro,16176
Cuenca,Reíllo,16177
Cuenca,Rozalén del Monte,16181
Cuenca,Saceda-Trasierra,16185
Cuenca,Saelices,16186
Cuenca,Salinas del Manzano,16187
Cuenca,Salmeroncillos,16188
Cuenca,Salvacañete,16189
Cuenca,San Clemente,16190
Cuenca,San Lorenzo de la Parrilla,16191
Cuenca,San Martín de Boniches,16192
Cuenca,San Pedro Palmiches,16193
Cuenca,Santa Cruz de Moya,16194
Cuenca,Santa María de los Llanos,16196
Cuenca,Santa María del Campo Rus,16195
Cuenca,Santa María del Val,16197
Cuenca,Sisante,16198
Cuenca,Solera de Gabaldón,16199
Cuenca,Sotorribas,16909
Cuenca,Talayuelas,16202
Cuenca,Tarancón,16203
Cuenca,Tébar,16204
Cuenca,Tejadillos,16205
Cuenca,Tinajas,16206
Cuenca,Torralba,16209
Cuenca,Torrejoncillo del Rey,16211
Cuenca,Torrubia del Campo,16212
Cuenca,Torrubia del Castillo,16213
Cuenca,Tragacete,16215
Cuenca,Tresjuncos,16216
Cuenca,Tribaldos,16217
Cuenca,Uclés,16218
Cuenca,Uña,16219
Cuenca,"Valdecolmenas, Los",16906
Cuenca,Valdemeca,16224
Cuenca,Valdemorillo de la Sierra,16225
Cuenca,Valdemoro-Sierra,16227
Cuenca,Valdeolivas,16228
Cuenca,Valdetórtola,16902
Cuenca,"Valeras, Las",16903
Cuenca,Valhermoso de la Fuente,16231
Cuenca,"Valle de Altomira, El",16173
Cuenca,Valsalobre,16234
Cuenca,Valverde de Júcar,16236
Cuenca,Valverdejo,16237
Cuenca,Vara de Rey,16238
Cuenca,Vega del Codorno,16239
Cuenca,Vellisca,16240
Cuenca,Villaconejos de Trabaque,16242
Cuenca,Villaescusa de Haro,16243
Cuenca,Villagarcía del Llano,16244
Cuenca,Villalba de la Sierra,16245
Cuenca,Villalba del Rey,16246
Cuenca,Villalgordo del Marquesado,16247
Cuenca,Villalpardo,16248
Cuenca,Villamayor de Santiago,16249
Cuenca,Villanueva de Guadamejud,16250
Cuenca,Villanueva de la Jara,16251
Cuenca,Villar de Cañas,16253
Cuenca,Villar de Domingo García,16254
Cuenca,Villar de la Encina,16255
Cuenca,Villar de Olalla,16263
Cuenca,Villar del Humo,16258
Cuenca,Villar del Infantado,16259
Cuenca,Villar y Velasco,16910
Cuenca,Villarejo de Fuentes,16264
Cuenca,Villarejo de la Peñuela,16265
Cuenca,Villarejo-Periesteban,16266
Cuenca,Villares del Saz,16269
Cuenca,Villarrubio,16270
Cuenca,Villarta,16271
Cuenca,Villas de la Ventosa,16272
Cuenca,Villaverde y Pasaconsol,16273
Cuenca,Víllora,16274
Cuenca,Vindel,16275
Cuenca,Yémeda,16276
Cuenca,Zafra de Záncara,16277
Cuenca,Zafrilla,16278
Cuenca,Zarza de Tajo,16279
Cuenca,Zarzuela,16280
Girona,Agullana,17001
Girona,Aiguaviva,17002
Girona,Albanyà,17003
Girona,Albons,17004
Girona,Alp,17006
Girona,Amer,17007
Girona,Anglès,17008
Girona,Arbúcies,17009
Girona,Argelaguer,17010
Girona,"Armentera, L'",17011
Girona,Avinyonet de Puigventós,17012
Girona,Banyoles,17015
Girona,Bàscara,17016
Girona,Begur,17013
Girona,Bellcaire d'Empordà,17018
Girona,Besalú,17019
Girona,Bescanó,17020
Girona,Beuda,17021
Girona,"Bisbal d'Empordà, La",17022
Girona,Biure,17234
Girona,Blanes,17023
Girona,Boadella i les Escaules,17029
Girona,Bolvir,17024
Girona,Bordils,17025
Girona,Borrassà,17026
Girona,Breda,17027
Girona,Brunyola i Sant Martí Sapresa,17028
Girona,Cabanelles,17031
Girona,Cabanes,17030
Girona,Cadaqués,17032
Girona,Caldes de Malavella,17033
Girona,Calonge i Sant Antoni,17034
Girona,Camós,17035
Girona,Campdevànol,17036
Girona,Campelles,17037
Girona,Campllong,17038
Girona,Camprodon,17039
Girona,Canet d'Adri,17040
Girona,Cantallops,17041
Girona,Capmany,17042
Girona,Cassà de la Selva,17044
Girona,"Castell d'Aro, Platja d'Aro i s'Agaró",17048
Girona,Castellfollit de la Roca,17046
Girona,Castelló d'Empúries,17047
Girona,"Cellera de Ter, La",17189
Girona,Celrà,17049
Girona,Cervià de Ter,17050
Girona,Cistella,17051
Girona,Colera,17054
Girona,Colomers,17055
Girona,Corçà,17057
Girona,Cornellà del Terri,17056
Girona,Crespià,17058
Girona,"Cruïlles, Monells i Sant Sadurní de l'Heura",17901
Girona,Darnius,17060
Girona,Das,17061
Girona,"Escala, L'",17062
Girona,Espinelves,17063
Girona,Espolla,17064
Girona,Esponellà,17065
Girona,"Far d'Empordà, El",17005
Girona,Figueres,17066
Girona,Flaçà,17067
Girona,Foixà,17068
Girona,Fontanals de Cerdanya,17069
Girona,Fontanilles,17070
Girona,Fontcoberta,17071
Girona,Forallac,17902
Girona,Fornells de la Selva,17073
Girona,Fortià,17074
Girona,Garrigàs,17075
Girona,Garrigoles,17076
Girona,Garriguella,17077
Girona,Ger,17078
Girona,Girona,17079
Girona,Gombrèn,17080
Girona,Gualta,17081
Girona,Guils de Cerdanya,17082
Girona,Hostalric,17083
Girona,Isòvol,17084
Girona,Jafre,17085
Girona,"Jonquera, La",17086
Girona,Juià,17087
Girona,Lladó,17088
Girona,Llagostera,17089
Girona,Llambilles,17090
Girona,Llanars,17091
Girona,Llançà,17092
Girona,Llers,17093
Girona,Llívia,17094
Girona,Lloret de Mar,17095
Girona,"Llosses, Les",17096
Girona,Maçanet de Cabrenys,17102
Girona,Maçanet de la Selva,17103
Girona,Madremanya,17097
Girona,Maià de Montcal,17098
Girona,Masarac i Vilarnadal,17100
Girona,Massanes,17101
Girona,Meranges,17099
Girona,Mieres,17105
Girona,Mollet de Peralada,17106
Girona,Molló,17107
Girona,Montagut i Oix,17109
Girona,Mont-ras,17110
Girona,Navata,17111
Girona,Ogassa,17112
Girona,Olot,17114
Girona,Ordis,17115
Girona,Osor,17116
Girona,Palafrugell,17117
Girona,Palamós,17118
Girona,Palau de Santa Eulàlia,17119
Girona,Palau-sator,17121
Girona,Palau-saverdera,17120
Girona,Palol de Revardit,17123
Girona,Pals,17124
Girona,Pardines,17125
Girona,Parlavà,17126
Girona,Pau,17128
Girona,Pedret i Marzà,17129
Girona,"Pera, La",17130
Girona,Peralada,17132
Girona,"Planes d'Hostoles, Les",17133
Girona,Planoles,17134
Girona,Pont de Molins,17135
Girona,Pontós,17136
Girona,Porqueres,17137
Girona,"Port de la Selva, El",17140
Girona,Portbou,17138
Girona,"Preses, Les",17139
Girona,Puigcerdà,17141
Girona,Quart,17142
Girona,Queralbs,17043
Girona,Rabós,17143
Girona,Regencós,17144
Girona,Ribes de Freser,17145
Girona,Riells i Viabrea,17146
Girona,Ripoll,17147
Girona,Riudarenes,17148
Girona,Riudaura,17149
Girona,Riudellots de la Selva,17150
Girona,Riumors,17151
Girona,Roses,17152
Girona,Rupià,17153
Girona,Sales de Llierca,17154
Girona,Salt,17155
Girona,Sant Andreu Salou,17157
Girona,Sant Aniol de Finestres,17183
Girona,Sant Climent Sescebes,17158
Girona,Sant Feliu de Buixalleu,17159
Girona,Sant Feliu de Guíxols,17160
Girona,Sant Feliu de Pallerols,17161
Girona,Sant Ferriol,17162
Girona,Sant Gregori,17163
Girona,Sant Hilari Sacalm,17164
Girona,Sant Jaume de Llierca,17165
Girona,Sant Joan de les Abadesses,17167
Girona,Sant Joan de Mollet,17168
Girona,Sant Joan les Fonts,17185
Girona,Sant Jordi Desvalls,17166
Girona,Sant Julià de Ramis,17169
Girona,Sant Julià del Llor i Bonmatí,17903
Girona,Sant Llorenç de la Muga,17171
Girona,Sant Martí de Llémena,17172
Girona,Sant Martí Vell,17173
Girona,Sant Miquel de Campmajor,17174
Girona,Sant Miquel de Fluvià,17175
Girona,Sant Mori,17176
Girona,Sant Pau de Segúries,17177
Girona,Sant Pere Pescador,17178
Girona,Santa Coloma de Farners,17180
Girona,Santa Cristina d'Aro,17181
Girona,Santa Llogaia d'Àlguema,17182
Girona,Santa Pau,17184
Girona,Sarrià de Ter,17186
Girona,"Saus, Camallera i Llampaies",17187
Girona,"Selva de Mar, La",17188
Girona,Serinyà,17190
Girona,Serra de Daró,17191
Girona,Setcases,17192
Girona,Sils,17193
Girona,Siurana,17052
Girona,Susqueda,17194
Girona,"Tallada d'Empordà, La",17195
Girona,Terrades,17196
Girona,Torrent,17197
Girona,Torroella de Fluvià,17198
Girona,Torroella de Montgrí,17199
Girona,Tortellà,17200
Girona,Toses,17201
Girona,Tossa de Mar,17202
Girona,Ullà,17204
Girona,Ullastret,17205
Girona,Ultramort,17203
Girona,Urús,17206
Girona,"Vajol, La",17014
Girona,"Vall de Bianya, La",17208
Girona,"Vall d'en Bas, La",17207
Girona,Vallfogona de Ripollès,17170
Girona,Vall-llobrega,17209
Girona,Ventalló,17210
Girona,Verges,17211
Girona,Vidrà,17212
Girona,Vidreres,17213
Girona,Vilabertran,17214
Girona,Vilablareix,17215
Girona,Viladamat,17217
Girona,Viladasens,17216
Girona,Vilademuls,17218
Girona,Viladrau,17220
Girona,Vilafant,17221
Girona,Vilajuïga,17223
Girona,Vilallonga de Ter,17224
Girona,Vilamacolum,17225
Girona,Vilamalla,17226
Girona,Vilamaniscle,17227
Girona,Vilanant,17228
Girona,Vila-sacra,17230
Girona,Vilaür,17222
Girona,Vilobí d'Onyar,17233
Girona,Vilopriu,17232
Granada,Agrón,18001
Granada,Alamedilla,18002
Granada,Albolote,18003
Granada,Albondón,18004
Granada,Albuñán,18005
Granada,Albuñol,18006
Granada,Albuñuelas,18007
Granada,Aldeire,18010
Granada,Alfacar,18011
Granada,Algarinejo,18012
Granada,Alhama de Granada,18013
Granada,Alhendín,18014
Granada,Alicún de Ortega,18015
Granada,Almegíjar,18016
Granada,Almuñécar,18017
Granada,Alpujarra de la Sierra,18904
Granada,Alquife,18018
Granada,Arenas del Rey,18020
Granada,Armilla,18021
Granada,Atarfe,18022
Granada,Baza,18023
Granada,Beas de Granada,18024
Granada,Beas de Guadix,18025
Granada,Benalúa,18027
Granada,Benalúa de las Villas,18028
Granada,Benamaurel,18029
Granada,Bérchules,18030
Granada,Bubión,18032
Granada,Busquístar,18033
Granada,Cacín,18034
Granada,Cádiar,18035
Granada,Cájar,18036
Granada,"Calahorra, La",18114
Granada,Calicasas,18037
Granada,Campotéjar,18038
Granada,Caniles,18039
Granada,Cáñar,18040
Granada,Capileira,18042
Granada,Carataunas,18043
Granada,Cástaras,18044
Granada,Castilléjar,18045
Granada,Castril,18046
Granada,Cenes de la Vega,18047
Granada,Chauchina,18059
Granada,Chimeneas,18061
Granada,Churriana de la Vega,18062
Granada,Cijuela,18048
Granada,Cogollos de Guadix,18049
Granada,Cogollos de la Vega,18050
Granada,Colomera,18051
Granada,Cortes de Baza,18053
Granada,Cortes y Graena,18054
Granada,Cuevas del Campo,18912
Granada,Cúllar,18056
Granada,Cúllar Vega,18057
Granada,Darro,18063
Granada,Dehesas de Guadix,18064
Granada,Dehesas Viejas,18065
Granada,Deifontes,18066
Granada,Diezma,18067
Granada,Dílar,18068
Granada,Dólar,18069
Granada,Domingo Pérez de Granada,18915
Granada,Dúdar,18070
Granada,Dúrcal,18071
Granada,Escúzar,18072
Granada,Ferreira,18074
Granada,Fonelas,18076
Granada,Fornes,18077
Granada,Freila,18078
Granada,Fuente Vaqueros,18079
Granada,"Gabias, Las",18905
Granada,Galera,18082
Granada,Gobernador,18083
Granada,Gójar,18084
Granada,Gor,18085
Granada,Gorafe,18086
Granada,Granada,18087
Granada,Guadahortuna,18088
Granada,Guadix,18089
Granada,"Guájares, Los",18906
Granada,Gualchos,18093
Granada,Güéjar Sierra,18094
Granada,Güevéjar,18095
Granada,Huélago,18096
Granada,Huéneja,18097
Granada,Huéscar,18098
Granada,Huétor de Santillán,18099
Granada,Huétor Tájar,18100
Granada,Huétor Vega,18101
Granada,Íllora,18102
Granada,Ítrabo,18103
Granada,Iznalloz,18105
Granada,Játar,18106
Granada,Jayena,18107
Granada,Jérez del Marquesado,18108
Granada,Jete,18109
Granada,Jun,18111
Granada,Juviles,18112
Granada,Láchar,18115
Granada,Lanjarón,18116
Granada,Lanteira,18117
Granada,Lecrín,18119
Granada,Lentegí,18120
Granada,Lobras,18121
Granada,Loja,18122
Granada,Lugros,18123
Granada,Lújar,18124
Granada,"Malahá, La",18126
Granada,Maracena,18127
Granada,Marchal,18128
Granada,Moclín,18132
Granada,Molvízar,18133
Granada,Monachil,18134
Granada,Montefrío,18135
Granada,Montejícar,18136
Granada,Montillana,18137
Granada,Moraleda de Zafayona,18138
Granada,Morelábor,18909
Granada,Motril,18140
Granada,Murtas,18141
Granada,Nevada,18903
Granada,Nigüelas,18143
Granada,Nívar,18144
Granada,Ogíjares,18145
Granada,Orce,18146
Granada,Órgiva,18147
Granada,Otívar,18148
Granada,Padul,18150
Granada,Pampaneira,18151
Granada,Pedro Martínez,18152
Granada,Peligros,18153
Granada,"Peza, La",18154
Granada,"Pinar, El",18910
Granada,Pinos Genil,18157
Granada,Pinos Puente,18158
Granada,Píñar,18159
Granada,Polícar,18161
Granada,Polopos,18162
Granada,Pórtugos,18163
Granada,Puebla de Don Fadrique,18164
Granada,Pulianas,18165
Granada,Purullena,18167
Granada,Quéntar,18168
Granada,Rubite,18170
Granada,Salar,18171
Granada,Salobreña,18173
Granada,Santa Cruz del Comercio,18174
Granada,Santa Fe,18175
Granada,Soportújar,18176
Granada,Sorvilán,18177
Granada,"Taha, La",18901
Granada,Torre-Cardela,18178
Granada,Torrenueva Costa,18916
Granada,Torvizcón,18179
Granada,Trevélez,18180
Granada,Turón,18181
Granada,Ugíjar,18182
Granada,Valderrubio,18914
Granada,Valle del Zalabí,18907
Granada,"Valle, El",18902
Granada,Válor,18183
Granada,Vegas del Genil,18911
Granada,Vélez de Benaudalla,18184
Granada,Ventas de Huelma,18185
Granada,Villa de Otura,18149
Granada,Villamena,18908
Granada,Villanueva de las Torres,18187
Granada,Villanueva Mesía,18188
Granada,Víznar,18189
Granada,Zafarraya,18192
Granada,Zagra,18913
Granada,"Zubia, La",18193
Granada,Zújar,18194
Guadalajara,Abánades,19001
Guadalajara,Ablanque,19002
Guadalajara,Adobes,19003
Guadalajara,Alaminos,19004
Guadalajara,Alarilla,19005
Guadalajara,Albalate de Zorita,19006
Guadalajara,Albares,19007
Guadalajara,Albendiego,19008
Guadalajara,Alcocer,19009
Guadalajara,Alcolea de las Peñas,19010
Guadalajara,Alcolea del Pinar,19011
Guadalajara,Alcoroches,19013
Guadalajara,Aldeanueva de Guadalajara,19015
Guadalajara,Algar de Mesa,19016
Guadalajara,Algora,19017
Guadalajara,Alhóndiga,19018
Guadalajara,Alique,19019
Guadalajara,Almadrones,19020
Guadalajara,Almoguera,19021
Guadalajara,Almonacid de Zorita,19022
Guadalajara,Alocén,19023
Guadalajara,Alovera,19024
Guadalajara,Alustante,19027
Guadalajara,Angón,19031
Guadalajara,Anguita,19032
Guadalajara,Anquela del Ducado,19033
Guadalajara,Anquela del Pedregal,19034
Guadalajara,Aranzueque,19036
Guadalajara,Arbancón,19037
Guadalajara,Arbeteta,19038
Guadalajara,Argecilla,19039
Guadalajara,Armallones,19040
Guadalajara,Armuña de Tajuña,19041
Guadalajara,Arroyo de las Fraguas,19042
Guadalajara,Atanzón,19043
Guadalajara,Atienza,19044
Guadalajara,Auñón,19045
Guadalajara,Azuqueca de Henares,19046
Guadalajara,Baides,19047
Guadalajara,Baños de Tajo,19048
Guadalajara,Bañuelos,19049
Guadalajara,Barriopedro,19050
Guadalajara,Berninches,19051
Guadalajara,"Bodera, La",19052
Guadalajara,Brihuega,19053
Guadalajara,Budia,19054
Guadalajara,Bujalaro,19055
Guadalajara,Bustares,19057
Guadalajara,Cabanillas del Campo,19058
Guadalajara,Campillo de Dueñas,19059
Guadalajara,Campillo de Ranas,19060
Guadalajara,Campisábalos,19061
Guadalajara,Canredondo,19064
Guadalajara,Cantalojas,19065
Guadalajara,Cañizar,19066
Guadalajara,"Cardoso de la Sierra, El",19067
Guadalajara,Casa de Uceda,19070
Guadalajara,"Casar, El",19071
Guadalajara,Casas de San Galindo,19073
Guadalajara,Caspueñas,19074
Guadalajara,Castejón de Henares,19075
Guadalajara,Castellar de la Muela,19076
Guadalajara,Castilforte,19078
Guadalajara,Castilnuevo,19079
Guadalajara,Cendejas de Enmedio,19080
Guadalajara,Cendejas de la Torre,19081
Guadalajara,Centenera,19082
Guadalajara,Checa,19103
Guadalajara,Chequilla,19104
Guadalajara,Chillarón del Rey,19106
Guadalajara,Chiloeches,19105
Guadalajara,Cifuentes,19086
Guadalajara,Cincovillas,19087
Guadalajara,Ciruelas,19088
Guadalajara,Ciruelos del Pinar,19089
Guadalajara,Cobeta,19090
Guadalajara,Cogollor,19091
Guadalajara,Cogolludo,19092
Guadalajara,Condemios de Abajo,19095
Guadalajara,Condemios de Arriba,19096
Guadalajara,Congostrina,19097
Guadalajara,Copernal,19098
Guadalajara,Corduente,19099
Guadalajara,"Cubillo de Uceda, El",19102
Guadalajara,Driebes,19107
Guadalajara,Durón,19108
Guadalajara,Embid,19109
Guadalajara,Escamilla,19110
Guadalajara,Escariche,19111
Guadalajara,Escopete,19112
Guadalajara,Espinosa de Henares,19113
Guadalajara,Esplegares,19114
Guadalajara,Establés,19115
Guadalajara,Estriégana,19116
Guadalajara,Fontanar,19117
Guadalajara,Fuembellida,19118
Guadalajara,Fuencemillán,19119
Guadalajara,Fuentelahiguera de Albatages,19120
Guadalajara,Fuentelencina,19121
Guadalajara,Fuentelsaz,19122
Guadalajara,Fuentelviejo,19123
Guadalajara,Fuentenovilla,19124
Guadalajara,Gajanejos,19125
Guadalajara,Galápagos,19126
Guadalajara,Galve de Sorbe,19127
Guadalajara,Gascueña de Bornova,19129
Guadalajara,Guadalajara,19130
Guadalajara,Henche,19132
Guadalajara,Heras de Ayuso,19133
Guadalajara,Herrería,19134
Guadalajara,Hiendelaencina,19135
Guadalajara,Hijes,19136
Guadalajara,Hita,19138
Guadalajara,Hombrados,19139
Guadalajara,Hontoba,19142
Guadalajara,Horche,19143
Guadalajara,Hortezuela de Océn,19145
Guadalajara,"Huerce, La",19146
Guadalajara,Huérmeces del Cerro,19147
Guadalajara,Huertahernando,19148
Guadalajara,Hueva,19150
Guadalajara,Humanes,19151
Guadalajara,Illana,19152
Guadalajara,Iniéstola,19153
Guadalajara,"Inviernas, Las",19154
Guadalajara,Irueste,19155
Guadalajara,Jadraque,19156
Guadalajara,Jirueque,19157
Guadalajara,Ledanca,19159
Guadalajara,Loranca de Tajuña,19160
Guadalajara,Lupiana,19161
Guadalajara,Luzaga,19162
Guadalajara,Luzón,19163
Guadalajara,Majaelrayo,19165
Guadalajara,Málaga del Fresno,19166
Guadalajara,Malaguilla,19167
Guadalajara,Mandayona,19168
Guadalajara,Mantiel,19169
Guadalajara,Maranchón,19170
Guadalajara,Marchamalo,19171
Guadalajara,Masegoso de Tajuña,19172
Guadalajara,Matarrubia,19173
Guadalajara,Matillas,19174
Guadalajara,Mazarete,19175
Guadalajara,Mazuecos,19176
Guadalajara,Medranda,19177
Guadalajara,Megina,19178
Guadalajara,Membrillera,19179
Guadalajara,Miedes de Atienza,19181
Guadalajara,"Mierla, La",19182
Guadalajara,Millana,19184
Guadalajara,Milmarcos,19183
Guadalajara,"Miñosa, La",19185
Guadalajara,Mirabueno,19186
Guadalajara,Miralrío,19187
Guadalajara,Mochales,19188
Guadalajara,Mohernando,19189
Guadalajara,Molina de Aragón,19190
Guadalajara,Monasterio,19191
Guadalajara,Mondéjar,19192
Guadalajara,Montarrón,19193
Guadalajara,Moratilla de los Meleros,19194
Guadalajara,Morenilla,19195
Guadalajara,Muduex,19196
Guadalajara,"Navas de Jadraque, Las",19197
Guadalajara,Negredo,19198
Guadalajara,Ocentejo,19199
Guadalajara,"Olivar, El",19200
Guadalajara,Olmeda de Cobeta,19201
Guadalajara,"Olmeda de Jadraque, La",19202
Guadalajara,"Ordial, El",19203
Guadalajara,Orea,19204
Guadalajara,Pálmaces de Jadraque,19208
Guadalajara,Pardos,19209
Guadalajara,Paredes de Sigüenza,19210
Guadalajara,Pareja,19211
Guadalajara,Pastrana,19212
Guadalajara,"Pedregal, El",19213
Guadalajara,Peñalén,19214
Guadalajara,Peñalver,19215
Guadalajara,Peralejos de las Truchas,19216
Guadalajara,Peralveche,19217
Guadalajara,Pinilla de Jadraque,19218
Guadalajara,Pinilla de Molina,19219
Guadalajara,Pioz,19220
Guadalajara,Piqueras,19221
Guadalajara,"Pobo de Dueñas, El",19222
Guadalajara,Poveda de la Sierra,19223
Guadalajara,Pozo de Almoguera,19224
Guadalajara,Pozo de Guadalajara,19225
Guadalajara,Prádena de Atienza,19226
Guadalajara,Prados Redondos,19227
Guadalajara,Puebla de Beleña,19228
Guadalajara,Puebla de Valles,19229
Guadalajara,Quer,19230
Guadalajara,Rebollosa de Jadraque,19231
Guadalajara,"Recuenco, El",19232
Guadalajara,Renera,19233
Guadalajara,Retiendas,19234
Guadalajara,Riba de Saelices,19235
Guadalajara,Rillo de Gallo,19237
Guadalajara,Riofrío del Llano,19238
Guadalajara,Robledillo de Mohernando,19239
Guadalajara,Robledo de Corpes,19240
Guadalajara,Romanillos de Atienza,19241
Guadalajara,Romanones,19242
Guadalajara,Rueda de la Sierra,19243
Guadalajara,Sacecorbo,19244
Guadalajara,Sacedón,19245
Guadalajara,Saelices de la Sal,19246
Guadalajara,Salmerón,19247
Guadalajara,San Andrés del Congosto,19248
Guadalajara,San Andrés del Rey,19249
Guadalajara,Santiuste,19250
Guadalajara,Saúca,19251
Guadalajara,Sayatón,19252
Guadalajara,Selas,19254
Guadalajara,Semillas,19901
Guadalajara,Setiles,19255
Guadalajara,Sienes,19256
Guadalajara,Sigüenza,19257
Guadalajara,Solanillos del Extremo,19258
Guadalajara,Somolinos,19259
Guadalajara,"Sotillo, El",19260
Guadalajara,Sotodosos,19261
Guadalajara,Tamajón,19262
Guadalajara,Taragudo,19263
Guadalajara,Taravilla,19264
Guadalajara,Tartanedo,19265
Guadalajara,Tendilla,19266
Guadalajara,Terzaga,19267
Guadalajara,Tierzo,19268
Guadalajara,"Toba, La",19269
Guadalajara,Tordellego,19271
Guadalajara,Tordelrábano,19270
Guadalajara,Tordesilos,19272
Guadalajara,Torija,19274
Guadalajara,Torre del Burgo,19279
Guadalajara,Torrecuadrada de Molina,19277
Guadalajara,Torrecuadradilla,19278
Guadalajara,Torrejón del Rey,19280
Guadalajara,Torremocha de Jadraque,19281
Guadalajara,Torremocha del Campo,19282
Guadalajara,Torremocha del Pinar,19283
Guadalajara,Torremochuela,19284
Guadalajara,Torrubia,19285
Guadalajara,Tórtola de Henares,19286
Guadalajara,Tortuera,19287
Guadalajara,Tortuero,19288
Guadalajara,Traíd,19289
Guadalajara,Trijueque,19290
Guadalajara,Trillo,19291
Guadalajara,Uceda,19293
Guadalajara,Ujados,19294
Guadalajara,Utande,19296
Guadalajara,Valdarachas,19297
Guadalajara,Valdearenas,19298
Guadalajara,Valdeavellano,19299
Guadalajara,Valdeaveruelo,19300
Guadalajara,Valdeconcha,19301
Guadalajara,Valdegrudas,19302
Guadalajara,Valdelcubo,19303
Guadalajara,Valdenuño Fernández,19304
Guadalajara,Valdepeñas de la Sierra,19305
Guadalajara,Valderrebollo,19306
Guadalajara,Valdesotos,19307
Guadalajara,Valfermoso de Tajuña,19308
Guadalajara,Valhermoso,19309
Guadalajara,Valtablado del Río,19310
Guadalajara,Valverde de los Arroyos,19311
Guadalajara,Viana de Jadraque,19314
Guadalajara,Villanueva de Alcorón,19317
Guadalajara,Villanueva de Argecilla,19318
Guadalajara,Villanueva de la Torre,19319
Guadalajara,Villares de Jadraque,19321
Guadalajara,Villaseca de Henares,19322
Guadalajara,Villaseca de Uceda,19323
Guadalajara,Villel de Mesa,19324
Guadalajara,Viñuelas,19325
Guadalajara,Yebes,19326
Guadalajara,Yebra,19327
Guadalajara,Yélamos de Abajo,19329
Guadalajara,Yélamos de Arriba,19330
Guadalajara,Yunquera de Henares,19331
Guadalajara,"Yunta, La",19332
Guadalajara,Zaorejas,19333
Guadalajara,Zarzuela de Jadraque,19334
Guadalajara,Zorita de los Canes,19335
Gipuzkoa,Abaltzisketa,20001
Gipuzkoa,Aduna,20002
Gipuzkoa,Aia,20016
Gipuzkoa,Aizarnazabal,20003
Gipuzkoa,Albiztur,20004
Gipuzkoa,Alegia,20005
Gipuzkoa,Alkiza,20006
Gipuzkoa,Altzaga,20906
Gipuzkoa,Altzo,20007
Gipuzkoa,Amezketa,20008
Gipuzkoa,Andoain,20009
Gipuzkoa,Anoeta,20010
Gipuzkoa,Antzuola,20011
Gipuzkoa,Arama,20012
Gipuzkoa,Aretxabaleta,20013
Gipuzkoa,Arrasate/Mondragón,20055
Gipuzkoa,Asteasu,20014
Gipuzkoa,Astigarraga,20903
Gipuzkoa,Ataun,20015
Gipuzkoa,Azkoitia,20017
Gipuzkoa,Azpeitia,20018
Gipuzkoa,Baliarrain,20904
Gipuzkoa,Beasain,20019
Gipuzkoa,Beizama,20020
Gipuzkoa,Belauntza,20021
Gipuzkoa,Berastegi,20022
Gipuzkoa,Bergara,20074
Gipuzkoa,Berrobi,20023
Gipuzkoa,Bidania-Goiatz,20024
Gipuzkoa,Deba,20029
Gipuzkoa,Donostia/San Sebastián,20069
Gipuzkoa,Eibar,20030
Gipuzkoa,Elduain,20031
Gipuzkoa,Elgeta,20033
Gipuzkoa,Elgoibar,20032
Gipuzkoa,Errenteria,20067
Gipuzkoa,Errezil,20066
Gipuzkoa,Eskoriatza,20034
Gipuzkoa,Ezkio-Itsaso,20035
Gipuzkoa,Gabiria,20038
Gipuzkoa,Gaintza,20037
Gipuzkoa,Gaztelu,20907
Gipuzkoa,Getaria,20039
Gipuzkoa,Hernani,20040
Gipuzkoa,Hernialde,20041
Gipuzkoa,Hondarribia,20036
Gipuzkoa,Ibarra,20042
Gipuzkoa,Idiazabal,20043
Gipuzkoa,Ikaztegieta,20044
Gipuzkoa,Irun,20045
Gipuzkoa,Irura,20046
Gipuzkoa,Itsasondo,20047
Gipuzkoa,Larraul,20048
Gipuzkoa,Lasarte-Oria,20902
Gipuzkoa,Lazkao,20049
Gipuzkoa,Leaburu,20050
Gipuzkoa,Legazpi,20051
Gipuzkoa,Legorreta,20052
Gipuzkoa,Leintz-Gatzaga,20068
Gipuzkoa,Lezo,20053
Gipuzkoa,Lizartza,20054
Gipuzkoa,Mendaro,20901
Gipuzkoa,Mutiloa,20057
Gipuzkoa,Mutriku,20056
Gipuzkoa,Oiartzun,20063
Gipuzkoa,Olaberria,20058
Gipuzkoa,Oñati,20059
Gipuzkoa,Ordizia,20076
Gipuzkoa,Orendain,20905
Gipuzkoa,Orexa,20060
Gipuzkoa,Orio,20061
Gipuzkoa,Ormaiztegi,20062
Gipuzkoa,Pasaia,20064
Gipuzkoa,Segura,20070
Gipuzkoa,Soraluze-Placencia de las Armas,20065
Gipuzkoa,Tolosa,20071
Gipuzkoa,Urnieta,20072
Gipuzkoa,Urretxu,20077
Gipuzkoa,Usurbil,20073
Gipuzkoa,Villabona,20075
Gipuzkoa,Zaldibia,20078
Gipuzkoa,Zarautz,20079
Gipuzkoa,Zegama,20025
Gipuzkoa,Zerain,20026
Gipuzkoa,Zestoa,20027
Gipuzkoa,Zizurkil,20028
Gipuzkoa,Zumaia,20081
Gipuzkoa,Zumarraga,20080
Huelva,Alájar,21001
Huelva,Aljaraque,21002
Huelva,"Almendro, El",21003
Huelva,Almonaster la Real,21004
Huelva,Almonte,21005
Huelva,Alosno,21006
Huelva,Aracena,21007
Huelva,Aroche,21008
Huelva,Arroyomolinos de León,21009
Huelva,Ayamonte,21010
Huelva,Beas,21011
Huelva,Berrocal,21012
Huelva,Bollullos Par del Condado,21013
Huelva,Bonares,21014
Huelva,Cabezas Rubias,21015
Huelva,Cala,21016
Huelva,Calañas,21017
Huelva,"Campillo, El",21018
Huelva,Campofrío,21019
Huelva,Cañaveral de León,21020
Huelva,Cartaya,21021
Huelva,Castaño del Robledo,21022
Huelva,"Cerro de Andévalo, El",21023
Huelva,Chucena,21030
Huelva,Corteconcepción,21024
Huelva,Cortegana,21025
Huelva,Cortelazor,21026
Huelva,Cumbres de Enmedio,21027
Huelva,Cumbres de San Bartolomé,21028
Huelva,Cumbres Mayores,21029
Huelva,Encinasola,21031
Huelva,Escacena del Campo,21032
Huelva,Fuenteheridos,21033
Huelva,Galaroza,21034
Huelva,Gibraleón,21035
Huelva,"Granada de Río-Tinto, La",21036
Huelva,"Granado, El",21037
Huelva,Higuera de la Sierra,21038
Huelva,Hinojales,21039
Huelva,Hinojos,21040
Huelva,Huelva,21041
Huelva,Isla Cristina,21042
Huelva,Jabugo,21043
Huelva,Lepe,21044
Huelva,Linares de la Sierra,21045
Huelva,Lucena del Puerto,21046
Huelva,Manzanilla,21047
Huelva,"Marines, Los",21048
Huelva,Minas de Riotinto,21049
Huelva,Moguer,21050
Huelva,"Nava, La",21051
Huelva,Nerva,21052
Huelva,Niebla,21053
Huelva,"Palma del Condado, La",21054
Huelva,Palos de la Frontera,21055
Huelva,Paterna del Campo,21056
Huelva,Paymogo,21057
Huelva,Puebla de Guzmán,21058
Huelva,Puerto Moral,21059
Huelva,Punta Umbría,21060
Huelva,Rociana del Condado,21061
Huelva,Rosal de la Frontera,21062
Huelva,San Bartolomé de la Torre,21063
Huelva,San Juan del Puerto,21064
Huelva,San Silvestre de Guzmán,21066
Huelva,Sanlúcar de Guadiana,21065
Huelva,Santa Ana la Real,21067
Huelva,Santa Bárbara de Casa,21068
Huelva,Santa Olalla del Cala,21069
Huelva,Trigueros,21070
Huelva,Valdelarco,21071
Huelva,Valverde del Camino,21072
Huelva,Villablanca,21073
Huelva,Villalba del Alcor,21074
Huelva,Villanueva de las Cruces,21075
Huelva,Villanueva de los Castillejos,21076
Huelva,Villarrasa,21077
Huelva,Zalamea la Real,21078
Huelva,"Zarza-Perrunal, La",21902
Huelva,Zufre,21079
Huesca,Abiego,22001
Huesca,Abizanda,22002
Huesca,Adahuesca,22003
Huesca,Agüero,22004
Huesca,Aínsa-Sobrarbe,22907
Huesca,Aisa,22006
Huesca,Albalate de Cinca,22007
Huesca,Albalatillo,22008
Huesca,Albelda,22009
Huesca,Albero Alto,22011
Huesca,Albero Bajo,22012
Huesca,Alberuela de Tubo,22013
Huesca,Alcalá de Gurrea,22014
Huesca,Alcalá del Obispo,22015
Huesca,Alcampell,22016
Huesca,Alcolea de Cinca,22017
Huesca,Alcubierre,22018
Huesca,Alerre,22019
Huesca,Alfántega,22020
Huesca,Almudévar,22021
Huesca,Almunia de San Juan,22022
Huesca,Almuniente,22023
Huesca,Alquézar,22024
Huesca,Altorricón,22025
Huesca,Angüés,22027
Huesca,Ansó,22028
Huesca,Antillón,22029
Huesca,Aragüés del Puerto,22032
Huesca,Arén,22035
Huesca,Argavieso,22036
Huesca,Arguis,22037
Huesca,Ayerbe,22039
Huesca,Azanuy-Alins,22040
Huesca,Azara,22041
Huesca,Azlor,22042
Huesca,Baélls,22043
Huesca,Bailo,22044
Huesca,Baldellou,22045
Huesca,Ballobar,22046
Huesca,Banastás,22047
Huesca,Barbastro,22048
Huesca,Barbués,22049
Huesca,Barbuñales,22050
Huesca,Bárcabo,22051
Huesca,Belver de Cinca,22052
Huesca,Benabarre,22053
Huesca,Benasque,22054
Huesca,Beranuy,22246
Huesca,Berbegal,22055
Huesca,Bielsa,22057
Huesca,Bierge,22058
Huesca,Biescas,22059
Huesca,Binaced,22060
Huesca,Binéfar,22061
Huesca,Bisaurri,22062
Huesca,Biscarrués,22063
Huesca,Blecua y Torres,22064
Huesca,Boltaña,22066
Huesca,Bonansa,22067
Huesca,Borau,22068
Huesca,Broto,22069
Huesca,Caldearenas,22072
Huesca,Campo,22074
Huesca,Camporrélls,22075
Huesca,Canal de Berdún,22076
Huesca,Candasnos,22077
Huesca,Canfranc,22078
Huesca,Capdesaso,22079
Huesca,Capella,22080
Huesca,Casbas de Huesca,22081
Huesca,Castejón de Monegros,22083
Huesca,Castejón de Sos,22084
Huesca,Castejón del Puente,22082
Huesca,Castelflorite,22085
Huesca,Castiello de Jaca,22086
Huesca,Castigaleu,22087
Huesca,Castillazuelo,22088
Huesca,Castillonroy,22089
Huesca,Chalamera,22094
Huesca,Chía,22095
Huesca,Chimillas,22096
Huesca,Colungo,22090
Huesca,Esplús,22099
Huesca,Estada,22102
Huesca,Estadilla,22103
Huesca,Estopiñán del Castillo,22105
Huesca,Fago,22106
Huesca,Fanlo,22107
Huesca,Fiscal,22109
Huesca,Fonz,22110
Huesca,Foradada del Toscar,22111
Huesca,Fraga,22112
Huesca,"Fueva, La",22113
Huesca,Gistaín,22114
Huesca,"Grado, El",22115
Huesca,Grañén,22116
Huesca,Graus,22117
Huesca,Gurrea de Gállego,22119
Huesca,Hoz de Jaca,22122
Huesca,Hoz y Costean,22908
Huesca,Huerto,22124
Huesca,Huesca,22125
Huesca,Ibieca,22126
Huesca,Igriés,22127
Huesca,Ilche,22128
Huesca,Isábena,22129
Huesca,Jaca,22130
Huesca,Jasa,22131
Huesca,Labuerda,22133
Huesca,Laluenga,22135
Huesca,Lalueza,22136
Huesca,Lanaja,22137
Huesca,Laperdiguera,22139
Huesca,Lascellas-Ponzano,22141
Huesca,Lascuarre,22142
Huesca,Laspaúles,22143
Huesca,Laspuña,22144
Huesca,Loarre,22149
Huesca,Loporzano,22150
Huesca,Loscorrales,22151
Huesca,Lupiñén-Ortilla,22905
Huesca,Monesma y Cajigar,22155
Huesca,Monflorite-Lascasas,22156
Huesca,Montanuy,22157
Huesca,Monzón,22158
Huesca,Naval,22160
Huesca,Novales,22162
Huesca,Nueno,22163
Huesca,Olvena,22164
Huesca,Ontiñena,22165
Huesca,Osso de Cinca,22167
Huesca,Palo,22168
Huesca,Panticosa,22170
Huesca,Peñalba,22172
Huesca,"Peñas de Riglos, Las",22173
Huesca,Peralta de Alcofea,22174
Huesca,Peralta de Calasanz,22175
Huesca,Peraltilla,22176
Huesca,Perarrúa,22177
Huesca,Pertusa,22178
Huesca,Piracés,22181
Huesca,Plan,22182
Huesca,Poleñino,22184
Huesca,Pozán de Vero,22186
Huesca,"Puebla de Castro, La",22187
Huesca,Puente de Montañana,22188
Huesca,Puente la Reina de Jaca,22902
Huesca,Puértolas,22189
Huesca,"Pueyo de Araguás, El",22190
Huesca,Pueyo de Santa Cruz,22193
Huesca,Quicena,22195
Huesca,Robres,22197
Huesca,Sabiñánigo,22199
Huesca,Sahún,22200
Huesca,Salas Altas,22201
Huesca,Salas Bajas,22202
Huesca,Salillas,22203
Huesca,Sallent de Gállego,22204
Huesca,San Esteban de Litera,22205
Huesca,San Juan de Plan,22207
Huesca,San Miguel del Cinca,22903
Huesca,Sangarrén,22206
Huesca,Santa Cilia,22208
Huesca,Santa Cruz de la Serós,22209
Huesca,Santa María de Dulcis,22906
Huesca,Santaliestra y San Quílez,22212
Huesca,Sariñena,22213
Huesca,Secastilla,22214
Huesca,Seira,22215
Huesca,Sena,22217
Huesca,Senés de Alcubierre,22218
Huesca,Sesa,22220
Huesca,Sesué,22221
Huesca,Siétamo,22222
Huesca,Sopeira,22223
Huesca,"Sotonera, La",22904
Huesca,Tamarite de Litera,22225
Huesca,Tardienta,22226
Huesca,Tella-Sin,22227
Huesca,Tierz,22228
Huesca,Tolva,22229
Huesca,Torla-Ordesa,22230
Huesca,Torralba de Aragón,22232
Huesca,Torre la Ribera,22233
Huesca,Torrente de Cinca,22234
Huesca,Torres de Alcanadre,22235
Huesca,Torres de Barbués,22236
Huesca,Tramaced,22239
Huesca,Valfarta,22242
Huesca,Valle de Bardají,22243
Huesca,Valle de Hecho,22901
Huesca,Valle de Lierp,22244
Huesca,Velilla de Cinca,22245
Huesca,Vencillón,22909
Huesca,Viacamp y Litera,22247
Huesca,Vicién,22248
Huesca,Villanova,22249
Huesca,Villanúa,22250
Huesca,Villanueva de Sigena,22251
Huesca,Yebra de Basa,22252
Huesca,Yésero,22253
Huesca,Zaidín,22254
Jaén,Albanchez de Mágina,23001
Jaén,Alcalá la Real,23002
Jaén,Alcaudete,23003
Jaén,Aldeaquemada,23004
Jaén,Andújar,23005
Jaén,Arjona,23006
Jaén,Arjonilla,23007
Jaén,Arquillos,23008
Jaén,Arroyo del Ojanco,23905
Jaén,Baeza,23009
Jaén,Bailén,23010
Jaén,Baños de la Encina,23011
Jaén,Beas de Segura,23012
Jaén,Bedmar y Garcíez,23902
Jaén,Begíjar,23014
Jaén,Bélmez de la Moraleda,23015
Jaén,Benatae,23016
Jaén,Cabra del Santo Cristo,23017
Jaén,Cambil,23018
Jaén,Campillo de Arenas,23019
Jaén,Canena,23020
Jaén,Carboneros,23021
Jaén,Cárcheles,23901
Jaén,"Carolina, La",23024
Jaén,Castellar,23025
Jaén,Castillo de Locubín,23026
Jaén,Cazalilla,23027
Jaén,Cazorla,23028
Jaén,Chiclana de Segura,23029
Jaén,Chilluévar,23030
Jaén,Escañuela,23031
Jaén,Espeluy,23032
Jaén,Frailes,23033
Jaén,Fuensanta de Martos,23034
Jaén,Fuerte del Rey,23035
Jaén,Génave,23037
Jaén,"Guardia de Jaén, La",23038
Jaén,Guarromán,23039
Jaén,Higuera de Calatrava,23041
Jaén,Hinojares,23042
Jaén,Hornos,23043
Jaén,Huelma,23044
Jaén,Huesa,23045
Jaén,Ibros,23046
Jaén,"Iruela, La",23047
Jaén,Iznatoraf,23048
Jaén,Jabalquinto,23049
Jaén,Jaén,23050
Jaén,Jamilena,23051
Jaén,Jimena,23052
Jaén,Jódar,23053
Jaén,Lahiguera,23040
Jaén,Larva,23054
Jaén,Linares,23055
Jaén,Lopera,23056
Jaén,Lupión,23057
Jaén,Mancha Real,23058
Jaén,Marmolejo,23059
Jaén,Martos,23060
Jaén,Mengíbar,23061
Jaén,Montizón,23062
Jaén,Navas de San Juan,23063
Jaén,Noalejo,23064
Jaén,Orcera,23065
Jaén,Peal de Becerro,23066
Jaén,Pegalajar,23067
Jaén,Porcuna,23069
Jaén,Pozo Alcón,23070
Jaén,Puente de Génave,23071
Jaén,"Puerta de Segura, La",23072
Jaén,Quesada,23073
Jaén,Rus,23074
Jaén,Sabiote,23075
Jaén,Santa Elena,23076
Jaén,Santiago de Calatrava,23077
Jaén,Santiago-Pontones,23904
Jaén,Santisteban del Puerto,23079
Jaén,Santo Tomé,23080
Jaén,Segura de la Sierra,23081
Jaén,Siles,23082
Jaén,Sorihuela del Guadalimar,23084
Jaén,Torreblascopedro,23085
Jaén,Torredelcampo,23086
Jaén,Torredonjimeno,23087
Jaén,Torreperogil,23088
Jaén,Torres,23090
Jaén,Torres de Albánchez,23091
Jaén,Úbeda,23092
Jaén,Valdepeñas de Jaén,23093
Jaén,Vilches,23094
Jaén,Villacarrillo,23095
Jaén,Villanueva de la Reina,23096
Jaén,Villanueva del Arzobispo,23097
Jaén,Villardompardo,23098
Jaén,"Villares, Los",23099
Jaén,Villarrodrigo,23101
Jaén,Villatorres,23903
León,Acebedo,24001
León,Algadefe,24002
León,Alija del Infantado,24003
León,Almanza,24004
León,"Antigua, La",24005
León,Ardón,24006
León,Arganza,24007
León,Astorga,24008
León,Balboa,24009
León,"Bañeza, La",24010
León,Barjas,24011
León,"Barrios de Luna, Los",24012
León,Bembibre,24014
León,Benavides,24015
León,Benuza,24016
León,Bercianos del Páramo,24017
León,Bercianos del Real Camino,24018
León,Berlanga del Bierzo,24019
León,Boca de Huérgano,24020
León,Boñar,24021
León,Borrenes,24022
León,Brazuelo,24023
León,"Burgo Ranero, El",24024
León,Burón,24025
León,Bustillo del Páramo,24026
León,Cabañas Raras,24027
León,Cabreros del Río,24028
León,Cabrillanes,24029
León,Cacabelos,24030
León,Calzada del Coto,24031
León,Campazas,24032
León,Campo de Villavidel,24033
León,Camponaraya,24034
León,Cármenes,24037
León,Carracedelo,24038
León,Carrizo,24039
León,Carrocera,24040
León,Carucedo,24041
León,Castilfalé,24042
León,Castrillo de Cabrera,24043
León,Castrillo de la Valduerna,24044
León,Castrocalbón,24046
León,Castrocontrigo,24047
León,Castropodame,24049
León,Castrotierra de Valmadrigal,24050
León,Cea,24051
León,Cebanico,24052
León,Cebrones del Río,24053
León,Chozas de Abajo,24065
León,Cimanes de la Vega,24054
León,Cimanes del Tejar,24055
León,Cistierna,24056
León,Congosto,24057
León,Corbillos de los Oteros,24058
León,Corullón,24059
León,Crémenes,24060
León,Cuadros,24061
León,Cubillas de los Oteros,24062
León,Cubillas de Rueda,24063
León,Cubillos del Sil,24064
León,Destriana,24066
León,Encinedo,24067
León,"Ercina, La",24068
León,Escobar de Campos,24069
León,Fabero,24070
León,Folgoso de la Ribera,24071
León,Fresno de la Vega,24073
León,Fuentes de Carbajal,24074
León,Garrafe de Torío,24076
León,Gordaliza del Pino,24077
León,Gordoncillo,24078
León,Gradefes,24079
León,Grajal de Campos,24080
León,Gusendos de los Oteros,24081
León,Hospital de Órbigo,24082
León,Igüeña,24083
León,Izagre,24084
León,Joarilla de las Matas,24086
León,Laguna Dalga,24087
León,Laguna de Negrillos,24088
León,León,24089
León,Llamas de la Ribera,24092
León,Lucillo,24090
León,Luyego,24091
León,Magaz de Cepeda,24093
León,Mansilla de las Mulas,24094
León,Mansilla Mayor,24095
León,Maraña,24096
León,Matadeón de los Oteros,24097
León,Matallana de Torío,24098
León,Matanza,24099
León,Molinaseca,24100
León,Murias de Paredes,24101
León,Noceda del Bierzo,24102
León,Oencia,24103
León,"Omañas, Las",24104
León,Onzonilla,24105
León,Oseja de Sajambre,24106
León,Pajares de los Oteros,24107
León,Palacios de la Valduerna,24108
León,Palacios del Sil,24109
León,Páramo del Sil,24110
León,Peranzanes,24112
León,Pobladura de Pelayo García,24113
León,"Pola de Gordón, La",24114
León,Ponferrada,24115
León,Posada de Valdeón,24116
León,Pozuelo del Páramo,24117
León,Prado de la Guzpeña,24118
León,Priaranza del Bierzo,24119
León,Prioro,24120
León,Puebla de Lillo,24121
León,Puente de Domingo Flórez,24122
León,Quintana del Castillo,24123
León,Quintana del Marco,24124
León,Quintana y Congosto,24125
León,Regueras de Arriba,24127
León,Reyero,24129
León,Riaño,24130
León,Riego de la Vega,24131
León,Riello,24132
León,Rioseco de Tapia,24133
León,"Robla, La",24134
León,Roperuelos del Páramo,24136
León,Sabero,24137
León,Sahagún,24139
León,San Adrián del Valle,24141
León,San Andrés del Rabanedo,24142
León,San Cristóbal de la Polantera,24144
León,San Emiliano,24145
León,San Esteban de Nogales,24146
León,San Justo de la Vega,24148
León,San Millán de los Caballeros,24149
León,San Pedro Bercianos,24150
León,Sancedo,24143
León,Santa Colomba de Curueño,24151
León,Santa Colomba de Somoza,24152
León,Santa Cristina de Valmadrigal,24153
León,Santa Elena de Jamuz,24154
León,Santa María de la Isla,24155
León,Santa María de Ordás,24158
León,Santa María del Monte de Cea,24156
León,Santa María del Páramo,24157
León,Santa Marina del Rey,24159
León,Santas Martas,24160
León,Santiago Millas,24161
León,Santovenia de la Valdoncina,24162
León,Sariegos,24163
León,Sena de Luna,24164
León,Sobrado,24165
León,Soto de la Vega,24166
León,Soto y Amío,24167
León,Toral de los Guzmanes,24168
León,Toral de los Vados,24206
León,Toreno,24169
León,Torre del Bierzo,24170
León,Trabadelo,24171
León,Truchas,24172
León,Turcia,24173
León,Urdiales del Páramo,24174
León,Val de San Lorenzo,24185
León,Valdefresno,24175
León,Valdefuentes del Páramo,24176
León,Valdelugueros,24177
León,Valdemora,24178
León,Valdepiélago,24179
León,Valdepolo,24180
León,Valderas,24181
León,Valderrey,24182
León,Valderrueda,24183
León,Valdesamario,24184
León,Valdevimbre,24187
León,Valencia de Don Juan,24188
León,Valle de Ancares,24036
León,Vallecillo,24191
León,Valverde de la Virgen,24189
León,Valverde-Enrique,24190
León,"Vecilla, La",24193
León,Vega de Espinareda,24196
León,Vega de Infanzones,24197
León,Vega de Valcarce,24198
León,Vegacervera,24194
León,Vegaquemada,24199
León,Vegas del Condado,24201
León,Villablino,24202
León,Villabraz,24203
León,Villadangos del Páramo,24205
León,Villademor de la Vega,24207
León,Villafranca del Bierzo,24209
León,Villagatón,24210
León,Villamandos,24211
León,Villamanín,24901
León,Villamañán,24212
León,Villamartín de Don Sancho,24213
León,Villamejil,24214
León,Villamol,24215
León,Villamontán de la Valduerna,24216
León,Villamoratiel de las Matas,24217
León,Villanueva de las Manzanas,24218
León,Villaobispo de Otero,24219
León,Villaornate y Castro,24902
León,Villaquejida,24221
León,Villaquilambre,24222
León,Villarejo de Órbigo,24223
León,Villares de Órbigo,24224
León,Villasabariego,24225
León,Villaselán,24226
León,Villaturiel,24227
León,Villazala,24228
León,Villazanzo de Valderaduey,24229
León,Zotes del Páramo,24230
Lleida,Abella de la Conca,25001
Lleida,Àger,25002
Lleida,Agramunt,25003
Lleida,Aitona,25038
Lleida,"Alamús, Els",25004
Lleida,Alàs i Cerc,25005
Lleida,"Albagés, L'",25006
Lleida,Albatàrrec,25007
Lleida,Albesa,25008
Lleida,"Albi, L'",25009
Lleida,Alcanó,25010
Lleida,Alcarràs,25011
Lleida,Alcoletge,25012
Lleida,Alfarràs,25013
Lleida,Alfés,25014
Lleida,Algerri,25015
Lleida,Alguaire,25016
Lleida,Alins,25017
Lleida,Almacelles,25019
Lleida,Almatret,25020
Lleida,Almenar,25021
Lleida,Alòs de Balaguer,25022
Lleida,Alpicat,25023
Lleida,Alt Àneu,25024
Lleida,Anglesola,25027
Lleida,Arbeca,25029
Lleida,Arres,25031
Lleida,Arsèguel,25032
Lleida,Artesa de Lleida,25033
Lleida,Artesa de Segre,25034
Lleida,Aspa,25036
Lleida,"Avellanes i Santa Linya, Les",25037
Lleida,Baix Pallars,25039
Lleida,Balaguer,25040
Lleida,Barbens,25041
Lleida,"Baronia de Rialb, La",25042
Lleida,Bassella,25044
Lleida,Bausen,25045
Lleida,Belianes,25046
Lleida,Bellaguarda,25170
Lleida,Bellcaire d'Urgell,25047
Lleida,Bell-lloc d'Urgell,25048
Lleida,Bellmunt d'Urgell,25049
Lleida,Bellpuig,25050
Lleida,Bellver de Cerdanya,25051
Lleida,Bellvís,25052
Lleida,Benavent de Segrià,25053
Lleida,Biosca,25055
Lleida,"Bòrdes, Es",25057
Lleida,"Borges Blanques, Les",25058
Lleida,Bossòst,25059
Lleida,Bovera,25056
Lleida,Cabanabona,25060
Lleida,Cabó,25061
Lleida,Camarasa,25062
Lleida,Canejan,25063
Lleida,Castell de Mur,25904
Lleida,Castellar de la Ribera,25064
Lleida,Castelldans,25067
Lleida,Castellnou de Seana,25068
Lleida,Castelló de Farfanya,25069
Lleida,Castellserà,25070
Lleida,Cava,25071
Lleida,Cervera,25072
Lleida,Cervià de les Garrigues,25073
Lleida,Ciutadilla,25074
Lleida,Clariana de Cardener,25075
Lleida,"Cogul, El",25076
Lleida,Coll de Nargó,25077
Lleida,"Coma i la Pedra, La",25163
Lleida,Conca de Dalt,25161
Lleida,Corbins,25078
Lleida,Cubells,25079
Lleida,"Espluga Calba, L'",25081
Lleida,Espot,25082
Lleida,Estamariu,25088
Lleida,Estaràs,25085
Lleida,Esterri d'Àneu,25086
Lleida,Esterri de Cardós,25087
Lleida,Farrera,25089
Lleida,Fígols i Alinyà,25908
Lleida,"Floresta, La",25092
Lleida,Fondarella,25093
Lleida,Foradada,25094
Lleida,"Fuliola, La",25096
Lleida,Fulleda,25097
Lleida,Gavet de la Conca,25098
Lleida,Gimenells i el Pla de la Font,25912
Lleida,Golmés,25099
Lleida,Gósol,25100
Lleida,"Granadella, La",25101
Lleida,"Granja d'Escarp, La",25102
Lleida,Granyanella,25103
Lleida,Granyena de les Garrigues,25105
Lleida,Granyena de Segarra,25104
Lleida,Guimerà,25109
Lleida,"Guingueta d'Àneu, La",25903
Lleida,Guissona,25110
Lleida,Guixers,25111
Lleida,Isona i Conca Dellà,25115
Lleida,Ivars de Noguera,25112
Lleida,Ivars d'Urgell,25113
Lleida,Ivorra,25114
Lleida,Josa i Tuixén,25910
Lleida,Juncosa,25118
Lleida,Juneda,25119
Lleida,Les,25121
Lleida,Linyola,25122
Lleida,Lladorre,25123
Lleida,Lladurs,25124
Lleida,Llardecans,25125
Lleida,Llavorsí,25126
Lleida,Lleida,25120
Lleida,Lles de Cerdanya,25127
Lleida,Llimiana,25128
Lleida,Llobera,25129
Lleida,Maials,25133
Lleida,Maldà,25130
Lleida,Massalcoreig,25131
Lleida,Massoteres,25132
Lleida,Menàrguens,25134
Lleida,Miralcamp,25135
Lleida,Mollerussa,25137
Lleida,"Molsosa, La",25136
Lleida,Montellà i Martinet,25139
Lleida,Montferrer i Castellbò,25140
Lleida,Montgai,25138
Lleida,Montoliu de Lleida,25142
Lleida,Montoliu de Segarra,25141
Lleida,Montornès de Segarra,25143
Lleida,Nalec,25145
Lleida,Naut Aran,25025
Lleida,Navès,25146
Lleida,Odèn,25148
Lleida,Oliana,25149
Lleida,Oliola,25150
Lleida,Olius,25151
Lleida,"Oluges, Les",25152
Lleida,"Omellons, Els",25153
Lleida,"Omells de na Gaia, Els",25154
Lleida,Organyà,25155
Lleida,Os de Balaguer,25156
Lleida,Ossó de Sió,25157
Lleida,"Palau d'Anglesola, El",25158
Lleida,Penelles,25164
Lleida,Peramola,25165
Lleida,Pinell de Solsonès,25166
Lleida,Pinós,25167
Lleida,"Plans de Sió, Els",25911
Lleida,"Poal, El",25168
Lleida,"Pobla de Cérvoles, La",25169
Lleida,"Pobla de Segur, La",25171
Lleida,"Pont de Bar, El",25030
Lleida,"Pont de Suert, El",25173
Lleida,Ponts,25172
Lleida,"Portella, La",25174
Lleida,Prats i Sansor,25175
Lleida,Preixana,25176
Lleida,Preixens,25177
Lleida,Prullans,25179
Lleida,Puiggròs,25180
Lleida,Puigverd d'Agramunt,25181
Lleida,Puigverd de Lleida,25182
Lleida,Rialp,25183
Lleida,Ribera d'Ondara,25905
Lleida,Ribera d'Urgellet,25185
Lleida,Riner,25186
Lleida,Riu de Cerdanya,25913
Lleida,Rosselló,25189
Lleida,Salàs de Pallars,25190
Lleida,Sanaüja,25191
Lleida,Sant Esteve de la Sarga,25196
Lleida,Sant Guim de Freixenet,25192
Lleida,Sant Guim de la Plana,25197
Lleida,Sant Llorenç de Morunys,25193
Lleida,Sant Martí de Riucorb,25902
Lleida,Sant Ramon,25194
Lleida,Sarroca de Bellera,25201
Lleida,Sarroca de Lleida,25200
Lleida,Senterada,25202
Lleida,"Sentiu de Sió, La",25035
Lleida,Seròs,25204
Lleida,"Seu d'Urgell, La",25203
Lleida,Sidamon,25205
Lleida,"Soleràs, El",25206
Lleida,Solsona,25207
Lleida,Soriguera,25208
Lleida,Sort,25209
Lleida,Soses,25210
Lleida,Sudanell,25211
Lleida,Sunyer,25212
Lleida,Talarn,25215
Lleida,Talavera,25216
Lleida,Tàrrega,25217
Lleida,Tarrés,25218
Lleida,Tarroja de Segarra,25219
Lleida,Térmens,25220
Lleida,Tírvia,25221
Lleida,Tiurana,25222
Lleida,Torà,25223
Lleida,"Torms, Els",25224
Lleida,Tornabous,25225
Lleida,"Torre de Cabdella, La",25227
Lleida,Torrebesses,25226
Lleida,Torrefarrera,25228
Lleida,Torrefeta i Florejacs,25907
Lleida,Torregrossa,25230
Lleida,Torrelameu,25231
Lleida,Torres de Segre,25232
Lleida,Torre-serona,25233
Lleida,Tremp,25234
Lleida,"Vall de Boí, La",25043
Lleida,Vall de Cardós,25901
Lleida,Vallbona de les Monges,25238
Lleida,Vallfogona de Balaguer,25240
Lleida,"Valls d'Aguilar, Les",25906
Lleida,"Valls de Valira, Les",25239
Lleida,"Vansa i Fórnols, La",25909
Lleida,Verdú,25242
Lleida,Vielha e Mijaran,25243
Lleida,Vilagrassa,25244
Lleida,Vilaller,25245
Lleida,Vilamòs,25247
Lleida,Vilanova de Bellpuig,25248
Lleida,Vilanova de la Barca,25254
Lleida,Vilanova de l'Aguda,25249
Lleida,Vilanova de Meià,25250
Lleida,Vilanova de Segrià,25251
Lleida,Vila-sana,25252
Lleida,"Vilosell, El",25253
Lleida,Vinaixa,25255
La Rioja,Ábalos,26001
La Rioja,Agoncillo,26002
La Rioja,Aguilar del Río Alhama,26003
La Rioja,Ajamil de Cameros,26004
La Rioja,Albelda de Iregua,26005
La Rioja,Alberite,26006
La Rioja,Alcanadre,26007
La Rioja,Aldeanueva de Ebro,26008
La Rioja,Alesanco,26009
La Rioja,Alesón,26010
La Rioja,Alfaro,26011
La Rioja,Almarza de Cameros,26012
La Rioja,Anguciana,26013
La Rioja,Anguiano,26014
La Rioja,Arenzana de Abajo,26015
La Rioja,Arenzana de Arriba,26016
La Rioja,Arnedillo,26017
La Rioja,Arnedo,26018
La Rioja,Arrúbal,26019
La Rioja,Ausejo,26020
La Rioja,Autol,26021
La Rioja,Azofra,26022
La Rioja,Badarán,26023
La Rioja,Bañares,26024
La Rioja,Baños de Río Tobía,26026
La Rioja,Baños de Rioja,26025
La Rioja,Berceo,26027
La Rioja,Bergasa,26028
La Rioja,Bergasillas Bajera,26029
La Rioja,Bezares,26030
La Rioja,Bobadilla,26031
La Rioja,Brieva de Cameros,26032
La Rioja,Briñas,26033
La Rioja,Briones,26034
La Rioja,Cabezón de Cameros,26035
La Rioja,Calahorra,26036
La Rioja,Camprovín,26037
La Rioja,Canales de la Sierra,26038
La Rioja,Canillas de Río Tuerto,26039
La Rioja,Cañas,26040
La Rioja,Cárdenas,26041
La Rioja,Casalarreina,26042
La Rioja,Castañares de Rioja,26043
La Rioja,Castroviejo,26044
La Rioja,Cellorigo,26045
La Rioja,Cenicero,26046
La Rioja,Cervera del Río Alhama,26047
La Rioja,Cidamón,26048
La Rioja,Cihuri,26049
La Rioja,Cirueña,26050
La Rioja,Clavijo,26051
La Rioja,Cordovín,26052
La Rioja,Corera,26053
La Rioja,Cornago,26054
La Rioja,Corporales,26055
La Rioja,Cuzcurrita de Río Tirón,26056
La Rioja,Daroca de Rioja,26057
La Rioja,Enciso,26058
La Rioja,Entrena,26059
La Rioja,Estollo,26060
La Rioja,Ezcaray,26061
La Rioja,Foncea,26062
La Rioja,Fonzaleche,26063
La Rioja,Fuenmayor,26064
La Rioja,Galbárruli,26065
La Rioja,Galilea,26066
La Rioja,Gallinero de Cameros,26067
La Rioja,Gimileo,26068
La Rioja,Grañón,26069
La Rioja,Grávalos,26070
La Rioja,Haro,26071
La Rioja,Herce,26072
La Rioja,Herramélluri,26073
La Rioja,Hervías,26074
La Rioja,Hormilla,26075
La Rioja,Hormilleja,26076
La Rioja,Hornillos de Cameros,26077
La Rioja,Hornos de Moncalvillo,26078
La Rioja,Huércanos,26079
La Rioja,Igea,26080
La Rioja,Jalón de Cameros,26081
La Rioja,Laguna de Cameros,26082
La Rioja,Lagunilla del Jubera,26083
La Rioja,Lardero,26084
La Rioja,Ledesma de la Cogolla,26086
La Rioja,Leiva,26087
La Rioja,Leza de Río Leza,26088
La Rioja,Logroño,26089
La Rioja,Lumbreras de Cameros,26091
La Rioja,Manjarrés,26092
La Rioja,Mansilla de la Sierra,26093
La Rioja,Manzanares de Rioja,26094
La Rioja,Matute,26095
La Rioja,Medrano,26096
La Rioja,Munilla,26098
La Rioja,Murillo de Río Leza,26099
La Rioja,Muro de Aguas,26100
La Rioja,Muro en Cameros,26101
La Rioja,Nájera,26102
La Rioja,Nalda,26103
La Rioja,Navajún,26104
La Rioja,Navarrete,26105
La Rioja,Nestares,26106
La Rioja,Nieva de Cameros,26107
La Rioja,Ochánduri,26109
La Rioja,Ocón,26108
La Rioja,Ojacastro,26110
La Rioja,Ollauri,26111
La Rioja,Ortigosa de Cameros,26112
La Rioja,Pazuengos,26113
La Rioja,Pedroso,26114
La Rioja,Pinillos,26115
La Rioja,Pradejón,26117
La Rioja,Pradillo,26118
La Rioja,Préjano,26119
La Rioja,Quel,26120
La Rioja,Rabanera,26121
La Rioja,"Rasillo de Cameros, El",26122
La Rioja,"Redal, El",26123
La Rioja,Ribafrecha,26124
La Rioja,Rincón de Soto,26125
La Rioja,Robres del Castillo,26126
La Rioja,Rodezno,26127
La Rioja,Sajazarra,26128
La Rioja,San Asensio,26129
La Rioja,San Millán de la Cogolla,26130
La Rioja,San Millán de Yécora,26131
La Rioja,San Román de Cameros,26132
La Rioja,San Torcuato,26139
La Rioja,San Vicente de la Sonsierra,26142
La Rioja,Santa Coloma,26134
La Rioja,Santa Engracia del Jubera,26135
La Rioja,Santa Eulalia Bajera,26136
La Rioja,Santo Domingo de la Calzada,26138
La Rioja,Santurde de Rioja,26140
La Rioja,Santurdejo,26141
La Rioja,Sojuela,26143
La Rioja,Sorzano,26144
La Rioja,Sotés,26145
La Rioja,Soto en Cameros,26146
La Rioja,Terroba,26147
La Rioja,Tirgo,26148
La Rioja,Tobía,26149
La Rioja,Tormantos,26150
La Rioja,Torre en Cameros,26153
La Rioja,Torrecilla en Cameros,26151
La Rioja,Torrecilla sobre Alesanco,26152
La Rioja,Torremontalbo,26154
La Rioja,Treviana,26155
La Rioja,Tricio,26157
La Rioja,Tudelilla,26158
La Rioja,Uruñuela,26160
La Rioja,Valdemadera,26161
La Rioja,Valgañón,26162
La Rioja,Ventosa,26163
La Rioja,Ventrosa,26164
La Rioja,Viguera,26165
La Rioja,Villalba de Rioja,26166
La Rioja,Villalobar de Rioja,26167
La Rioja,Villamediana de Iregua,26168
La Rioja,Villanueva de Cameros,26169
La Rioja,"Villar de Arnedo, El",26170
La Rioja,Villar de Torre,26171
La Rioja,Villarejo,26172
La Rioja,Villarroya,26173
La Rioja,Villarta-Quintana,26174
La Rioja,Villavelayo,26175
La Rioja,Villaverde de Rioja,26176
La Rioja,Villoslada de Cameros,26177
La Rioja,Viniegra de Abajo,26178
La Rioja,Viniegra de Arriba,26179
La Rioja,Zarratón,26180
La Rioja,Zarzosa,26181
La Rioja,Zorraquín,26183
Lugo,Abadín,27001
Lugo,Alfoz,27002
Lugo,Antas de Ulla,27003
Lugo,Baleira,27004
Lugo,Baralla,27901
Lugo,Barreiros,27005
Lugo,Becerreá,27006
Lugo,Begonte,27007
Lugo,Bóveda,27008
Lugo,Burela,27902
Lugo,Carballedo,27009
Lugo,Castro de Rei,27010
Lugo,Castroverde,27011
Lugo,Cervantes,27012
Lugo,Cervo,27013
Lugo,Chantada,27016
Lugo,"Corgo, O",27014
Lugo,Cospeito,27015
Lugo,Folgoso do Courel,27017
Lugo,"Fonsagrada, A",27018
Lugo,Foz,27019
Lugo,Friol,27020
Lugo,Guitiriz,27022
Lugo,Guntín,27023
Lugo,"Incio, O",27024
Lugo,Láncara,27026
Lugo,Lourenzá,27027
Lugo,Lugo,27028
Lugo,Meira,27029
Lugo,Mondoñedo,27030
Lugo,Monforte de Lemos,27031
Lugo,Monterroso,27032
Lugo,Muras,27033
Lugo,Navia de Suarna,27034
Lugo,Negueira de Muñiz,27035
Lugo,"Nogais, As",27037
Lugo,Ourol,27038
Lugo,Outeiro de Rei,27039
Lugo,Palas de Rei,27040
Lugo,Pantón,27041
Lugo,Paradela,27042
Lugo,"Páramo, O",27043
Lugo,"Pastoriza, A",27044
Lugo,Pedrafita do Cebreiro,27045
Lugo,"Pobra do Brollón, A",27047
Lugo,Pol,27046
Lugo,"Pontenova, A",27048
Lugo,Portomarín,27049
Lugo,Quiroga,27050
Lugo,Rábade,27056
Lugo,Ribadeo,27051
Lugo,Ribas de Sil,27052
Lugo,Ribeira de Piquín,27053
Lugo,Riotorto,27054
Lugo,Samos,27055
Lugo,Sarria,27057
Lugo,"Saviñao, O",27058
Lugo,Sober,27059
Lugo,Taboada,27060
Lugo,Trabada,27061
Lugo,Triacastela,27062
Lugo,"Valadouro, O",27063
Lugo,"Vicedo, O",27064
Lugo,Vilalba,27065
Lugo,Viveiro,27066
Lugo,Xermade,27021
Lugo,Xove,27025
Madrid,"Acebeda, La",28001
Madrid,Ajalvir,28002
Madrid,Alameda del Valle,28003
Madrid,"Álamo, El",28004
Madrid,Alcalá de Henares,28005
Madrid,Alcobendas,28006
Madrid,Alcorcón,28007
Madrid,Aldea del Fresno,28008
Madrid,Algete,28009
Madrid,Alpedrete,28010
Madrid,Ambite,28011
Madrid,Anchuelo,28012
Madrid,Aranjuez,28013
Madrid,Arganda del Rey,28014
Madrid,Arroyomolinos,28015
Madrid,"Atazar, El",28016
Madrid,Batres,28017
Madrid,Becerril de la Sierra,28018
Madrid,Belmonte de Tajo,28019
Madrid,"Berrueco, El",28021
Madrid,Berzosa del Lozoya,28020
Madrid,Boadilla del Monte,28022
Madrid,"Boalo, El",28023
Madrid,Braojos,28024
Madrid,Brea de Tajo,28025
Madrid,Brunete,28026
Madrid,Buitrago del Lozoya,28027
Madrid,Bustarviejo,28028
Madrid,Cabanillas de la Sierra,28029
Madrid,"Cabrera, La",28030
Madrid,Cadalso de los Vidrios,28031
Madrid,Camarma de Esteruelas,28032
Madrid,Campo Real,28033
Madrid,Canencia,28034
Madrid,Carabaña,28035
Madrid,Casarrubuelos,28036
Madrid,Cenicientos,28037
Madrid,Cercedilla,28038
Madrid,Cervera de Buitrago,28039
Madrid,Chapinería,28051
Madrid,Chinchón,28052
Madrid,Ciempozuelos,28040
Madrid,Cobeña,28041
Madrid,Collado Mediano,28046
Madrid,Collado Villalba,28047
Madrid,Colmenar de Oreja,28043
Madrid,Colmenar del Arroyo,28042
Madrid,Colmenar Viejo,28045
Madrid,Colmenarejo,28044
Madrid,Corpa,28048
Madrid,Coslada,28049
Madrid,Cubas de la Sagra,28050
Madrid,Daganzo de Arriba,28053
Madrid,"Escorial, El",28054
Madrid,Estremera,28055
Madrid,Fresnedillas de la Oliva,28056
Madrid,Fresno de Torote,28057
Madrid,Fuenlabrada,28058
Madrid,Fuente el Saz de Jarama,28059
Madrid,Fuentidueña de Tajo,28060
Madrid,Galapagar,28061
Madrid,Garganta de los Montes,28062
Madrid,Gargantilla del Lozoya y Pinilla de Buitrago,28063
Madrid,Gascones,28064
Madrid,Getafe,28065
Madrid,Griñón,28066
Madrid,Guadalix de la Sierra,28067
Madrid,Guadarrama,28068
Madrid,"Hiruela, La",28069
Madrid,Horcajo de la Sierra-Aoslos,28070
Madrid,Horcajuelo de la Sierra,28071
Madrid,Hoyo de Manzanares,28072
Madrid,Humanes de Madrid,28073
Madrid,Leganés,28074
Madrid,Loeches,28075
Madrid,Lozoya,28076
Madrid,Lozoyuela-Navas-Sieteiglesias,28901
Madrid,Madarcos,28078
Madrid,Madrid,28079
Madrid,Majadahonda,28080
Madrid,Manzanares el Real,28082
Madrid,Meco,28083
Madrid,Mejorada del Campo,28084
Madrid,Miraflores de la Sierra,28085
Madrid,"Molar, El",28086
Madrid,"Molinos, Los",28087
Madrid,Montejo de la Sierra,28088
Madrid,Moraleja de Enmedio,28089
Madrid,Moralzarzal,28090
Madrid,Morata de Tajuña,28091
Madrid,Móstoles,28092
Madrid,Navacerrada,28093
Madrid,Navalafuente,28094
Madrid,Navalagamella,28095
Madrid,Navalcarnero,28096
Madrid,Navarredonda y San Mamés,28097
Madrid,Navas del Rey,28099
Madrid,Nuevo Baztán,28100
Madrid,Olmeda de las Fuentes,28101
Madrid,Orusco de Tajuña,28102
Madrid,Paracuellos de Jarama,28104
Madrid,Parla,28106
Madrid,Patones,28107
Madrid,Pedrezuela,28108
Madrid,Pelayos de la Presa,28109
Madrid,Perales de Tajuña,28110
Madrid,Pezuela de las Torres,28111
Madrid,Pinilla del Valle,28112
Madrid,Pinto,28113
Madrid,Piñuécar-Gandullas,28114
Madrid,Pozuelo de Alarcón,28115
Madrid,Pozuelo del Rey,28116
Madrid,Prádena del Rincón,28117
Madrid,Puebla de la Sierra,28118
Madrid,Puentes Viejas,28902
Madrid,Quijorna,28119
Madrid,Rascafría,28120
Madrid,Redueña,28121
Madrid,Ribatejada,28122
Madrid,Rivas-Vaciamadrid,28123
Madrid,Robledillo de la Jara,28124
Madrid,Robledo de Chavela,28125
Madrid,Robregordo,28126
Madrid,"Rozas de Madrid, Las",28127
Madrid,Rozas de Puerto Real,28128
Madrid,San Agustín del Guadalix,28129
Madrid,San Fernando de Henares,28130
Madrid,San Lorenzo de El Escorial,28131
Madrid,San Martín de la Vega,28132
Madrid,San Martín de Valdeiglesias,28133
Madrid,San Sebastián de los Reyes,28134
Madrid,Santa María de la Alameda,28135
Madrid,Santorcaz,28136
Madrid,"Santos de la Humosa, Los",28137
Madrid,"Serna del Monte, La",28138
Madrid,Serranillos del Valle,28140
Madrid,Sevilla la Nueva,28141
Madrid,Somosierra,28143
Madrid,Soto del Real,28144
Madrid,Talamanca de Jarama,28145
Madrid,Tielmes,28146
Madrid,Titulcia,28147
Madrid,Torrejón de Ardoz,28148
Madrid,Torrejón de la Calzada,28149
Madrid,Torrejón de Velasco,28150
Madrid,Torrelaguna,28151
Madrid,Torrelodones,28152
Madrid,Torremocha de Jarama,28153
Madrid,Torres de la Alameda,28154
Madrid,Tres Cantos,28903
Madrid,Valdaracete,28155
Madrid,Valdeavero,28156
Madrid,Valdelaguna,28157
Madrid,Valdemanco,28158
Madrid,Valdemaqueda,28159
Madrid,Valdemorillo,28160
Madrid,Valdemoro,28161
Madrid,Valdeolmos-Alalpardo,28162
Madrid,Valdepiélagos,28163
Madrid,Valdetorres de Jarama,28164
Madrid,Valdilecha,28165
Madrid,Valverde de Alcalá,28166
Madrid,Velilla de San Antonio,28167
Madrid,"Vellón, El",28168
Madrid,Venturada,28169
Madrid,Villa del Prado,28171
Madrid,Villaconejos,28170
Madrid,Villalbilla,28172
Madrid,Villamanrique de Tajo,28173
Madrid,Villamanta,28174
Madrid,Villamantilla,28175
Madrid,Villanueva de la Cañada,28176
Madrid,Villanueva de Perales,28178
Madrid,Villanueva del Pardillo,28177
Madrid,Villar del Olmo,28179
Madrid,Villarejo de Salvanés,28180
Madrid,Villaviciosa de Odón,28181
Madrid,Villavieja del Lozoya,28182
Madrid,Zarzalejo,28183
Málaga,Alameda,29001
Málaga,Alcaucín,29002
Málaga,Alfarnate,29003
Málaga,Alfarnatejo,29004
Málaga,Algarrobo,29005
Málaga,Algatocín,29006
Málaga,Alhaurín de la Torre,29007
Málaga,Alhaurín el Grande,29008
Málaga,Almáchar,29009
Málaga,Almargen,29010
Málaga,Almogía,29011
Málaga,Álora,29012
Málaga,Alozaina,29013
Málaga,Alpandeire,29014
Málaga,Antequera,29015
Málaga,Árchez,29016
Málaga,Archidona,29017
Málaga,Ardales,29018
Málaga,Arenas,29019
Málaga,Arriate,29020
Málaga,Atajate,29021
Málaga,Benadalid,29022
Málaga,Benahavís,29023
Málaga,Benalauría,29024
Málaga,Benalmádena,29025
Málaga,Benamargosa,29026
Málaga,Benamocarra,29027
Málaga,Benaoján,29028
Málaga,Benarrabá,29029
Málaga,"Borge, El",29030
Málaga,"Burgo, El",29031
Málaga,Campillos,29032
Málaga,Canillas de Aceituno,29033
Málaga,Canillas de Albaida,29034
Málaga,Cañete la Real,29035
Málaga,Carratraca,29036
Málaga,Cartajima,29037
Málaga,Cártama,29038
Málaga,Casabermeja,29039
Málaga,Casarabonela,29040
Málaga,Casares,29041
Málaga,Coín,29042
Málaga,Colmenar,29043
Málaga,Comares,29044
Málaga,Cómpeta,29045
Málaga,Cortes de la Frontera,29046
Málaga,Cuevas Bajas,29047
Málaga,Cuevas de San Marcos,29049
Málaga,Cuevas del Becerro,29048
Málaga,Cútar,29050
Málaga,Estepona,29051
Málaga,Faraján,29052
Málaga,Frigiliana,29053
Málaga,Fuengirola,29054
Málaga,Fuente de Piedra,29055
Málaga,Gaucín,29056
Málaga,Genalguacil,29057
Málaga,Guaro,29058
Málaga,Humilladero,29059
Málaga,Igualeja,29060
Málaga,Istán,29061
Málaga,Iznate,29062
Málaga,Jimera de Líbar,29063
Málaga,Jubrique,29064
Málaga,Júzcar,29065
Málaga,Macharaviaya,29066
Málaga,Málaga,29067
Málaga,Manilva,29068
Málaga,Marbella,29069
Málaga,Mijas,29070
Málaga,Moclinejo,29071
Málaga,Mollina,29072
Málaga,Monda,29073
Málaga,Montecorto,29903
Málaga,Montejaque,29074
Málaga,Nerja,29075
Málaga,Ojén,29076
Málaga,Parauta,29077
Málaga,Periana,29079
Málaga,Pizarra,29080
Málaga,Pujerra,29081
Málaga,Rincón de la Victoria,29082
Málaga,Riogordo,29083
Málaga,Ronda,29084
Málaga,Salares,29085
Málaga,Sayalonga,29086
Málaga,Sedella,29087
Málaga,Serrato,29904
Málaga,Sierra de Yeguas,29088
Málaga,Teba,29089
Málaga,Tolox,29090
Málaga,Torremolinos,29901
Málaga,Torrox,29091
Málaga,Totalán,29092
Málaga,Valle de Abdalajís,29093
Málaga,Vélez-Málaga,29094
Málaga,Villanueva de Algaidas,29095
Málaga,Villanueva de la Concepción,29902
Málaga,Villanueva de Tapia,29098
Málaga,Villanueva del Rosario,29096
Málaga,Villanueva del Trabuco,29097
Málaga,Viñuela,29099
Málaga,Yunquera,29100
Murcia,Abanilla,30001
Murcia,Abarán,30002
Murcia,Águilas,30003
Murcia,Albudeite,30004
Murcia,Alcantarilla,30005
Murcia,"Alcázares, Los",30902
Murcia,Aledo,30006
Murcia,Alguazas,30007
Murcia,Alhama de Murcia,30008
Murcia,Archena,30009
Murcia,Beniel,30010
Murcia,Blanca,30011
Murcia,Bullas,30012
Murcia,Calasparra,30013
Murcia,Campos del Río,30014
Murcia,Caravaca de la Cruz,30015
Murcia,Cartagena,30016
Murcia,Cehegín,30017
Murcia,Ceutí,30018
Murcia,Cieza,30019
Murcia,Fortuna,30020
Murcia,Fuente Álamo de Murcia,30021
Murcia,Jumilla,30022
Murcia,Librilla,30023
Murcia,Lorca,30024
Murcia,Lorquí,30025
Murcia,Mazarrón,30026
Murcia,Molina de Segura,30027
Murcia,Moratalla,30028
Murcia,Mula,30029
Murcia,Murcia,30030
Murcia,Ojós,30031
Murcia,Pliego,30032
Murcia,Puerto Lumbreras,30033
Murcia,Ricote,30034
Murcia,San Javier,30035
Murcia,San Pedro del Pinatar,30036
Murcia,Santomera,30901
Murcia,Torre-Pacheco,30037
Murcia,"Torres de Cotillas, Las",30038
Murcia,Totana,30039
Murcia,Ulea,30040
Murcia,"Unión, La",30041
Murcia,Villanueva del Río Segura,30042
Murcia,Yecla,30043
Navarra,Abáigar,31001
Navarra,Abárzuza/Abartzuza,31002
Navarra,Abaurregaina/Abaurrea Alta,31003
Navarra,Abaurrepea/Abaurrea Baja,31004
Navarra,Aberin,31005
Navarra,Ablitas,31006
Navarra,Adiós,31007
Navarra,Aguilar de Codés,31008
Navarra,Aibar/Oibar,31009
Navarra,Allín/Allin,31011
Navarra,Allo,31012
Navarra,Altsasu/Alsasua,31010
Navarra,Améscoa Baja,31013
Navarra,Ancín/Antzin,31014
Navarra,Andosilla,31015
Navarra,Ansoáin/Antsoain,31016
Navarra,Anue,31017
Navarra,Añorbe,31018
Navarra,Aoiz/Agoitz,31019
Navarra,Araitz,31020
Navarra,Arakil,31025
Navarra,Aranarache/Aranaratxe,31021
Navarra,Aranguren,31023
Navarra,Arano,31024
Navarra,Arantza,31022
Navarra,Aras,31026
Navarra,Arbizu,31027
Navarra,Arce/Artzi,31028
Navarra,"Arcos, Los",31029
Navarra,Arellano,31030
Navarra,Areso,31031
Navarra,Arguedas,31032
Navarra,Aria,31033
Navarra,Aribe,31034
Navarra,Armañanzas,31035
Navarra,Arróniz,31036
Navarra,Arruazu,31037
Navarra,Artajona,31038
Navarra,Artazu,31039
Navarra,Atetz,31040
Navarra,Auritz/Burguete,31058
Navarra,Ayegui/Aiegi,31041
Navarra,Azagra,31042
Navarra,Azuelo,31043
Navarra,Bakaiku,31044
Navarra,Barañáin/Barañain,31901
Navarra,Barásoain,31045
Navarra,Barbarin,31046
Navarra,Bargota,31047
Navarra,Barillas,31048
Navarra,Basaburua,31049
Navarra,Baztan,31050
Navarra,Beintza-Labaien,31137
Navarra,Beire,31051
Navarra,Belascoáin,31052
Navarra,Bera,31250
Navarra,Berbinzana,31053
Navarra,Beriáin,31905
Navarra,Berrioplano/Berriobeiti,31902
Navarra,Berriozar,31903
Navarra,Bertizarana,31054
Navarra,Betelu,31055
Navarra,Bidaurreta,31253
Navarra,Biurrun-Olcoz,31056
Navarra,Buñuel,31057
Navarra,Burgui/Burgi,31059
Navarra,Burlada/Burlata,31060
Navarra,"Busto, El",31061
Navarra,Cabanillas,31062
Navarra,Cabredo,31063
Navarra,Cadreita,31064
Navarra,Caparroso,31065
Navarra,Cárcar,31066
Navarra,Carcastillo,31067
Navarra,Cascante,31068
Navarra,Cáseda,31069
Navarra,Castejón,31070
Navarra,Castillonuevo,31071
Navarra,Cendea de Olza/Oltza Zendea,31193
Navarra,Cintruénigo,31072
Navarra,Cirauqui/Zirauki,31074
Navarra,Ciriza/Ziritza,31075
Navarra,Cizur,31076
Navarra,Corella,31077
Navarra,Cortes,31078
Navarra,Desojo,31079
Navarra,Dicastillo,31080
Navarra,Donamaria,31081
Navarra,Doneztebe/Santesteban,31221
Navarra,Echarri/Etxarri,31083
Navarra,Elgorriaga,31087
Navarra,Enériz/Eneritz,31089
Navarra,Eratsun,31090
Navarra,Ergoiena,31091
Navarra,Erro,31092
Navarra,Eslava,31094
Navarra,Esparza de Salazar/Espartza Zaraitzu,31095
Navarra,Espronceda,31096
Navarra,Estella-Lizarra,31097
Navarra,Esteribar,31098
Navarra,Etayo,31099
Navarra,Etxalar,31082
Navarra,Etxarri Aranatz,31084
Navarra,Etxauri,31085
Navarra,Eulate,31100
Navarra,Ezcabarte,31101
Navarra,Ezcároz/Ezkaroze,31093
Navarra,Ezkurra,31102
Navarra,Ezprogui,31103
Navarra,Falces,31104
Navarra,Fitero,31105
Navarra,Fontellas,31106
Navarra,Funes,31107
Navarra,Fustiñana,31108
Navarra,Galar,31109
Navarra,Gallipienzo/Galipentzu,31110
Navarra,Gallués/Galoze,31111
Navarra,Garaioa,31112
Navarra,Garde,31113
Navarra,Garínoain,31114
Navarra,Garralda,31115
Navarra,Genevilla,31116
Navarra,Goizueta,31117
Navarra,Goñi,31118
Navarra,Güesa/Gorza,31119
Navarra,Guesálaz/Gesalatz,31120
Navarra,Guirguillano,31121
Navarra,Hiriberri/Villanueva de Aezkoa,31256
Navarra,Huarte/Uharte,31122
Navarra,Ibargoiti,31124
Navarra,Igantzi,31259
Navarra,Igúzquiza,31125
Navarra,Imotz,31126
Navarra,Irañeta,31127
Navarra,Irurtzun,31904
Navarra,Isaba/Izaba,31128
Navarra,Ituren,31129
Navarra,Iturmendi,31130
Navarra,Iza/Itza,31131
Navarra,Izagaondoa,31132
Navarra,Izalzu/Itzaltzu,31133
Navarra,Jaurrieta,31134
Navarra,Javier,31135
Navarra,Juslapeña/Txulapain,31136
Navarra,Lakuntza,31138
Navarra,Lana,31139
Navarra,Lantz,31140
Navarra,Lapoblación,31141
Navarra,Larraga,31142
Navarra,Larraona,31143
Navarra,Larraun,31144
Navarra,Lazagurría,31145
Navarra,Leache/Leatxe,31146
Navarra,Legarda,31147
Navarra,Legaria,31148
Navarra,Leitza,31149
Navarra,Lekunberri,31908
Navarra,Leoz/Leotz,31150
Navarra,Lerga,31151
Navarra,Lerín,31152
Navarra,Lesaka,31153
Navarra,Lezaun,31154
Navarra,Liédena,31155
Navarra,Lizoain-Arriasgoiti/Lizoainibar-Arriasgoiti,31156
Navarra,Lodosa,31157
Navarra,Lónguida/Longida,31158
Navarra,Lumbier,31159
Navarra,Luquin,31160
Navarra,Luzaide/Valcarlos,31248
Navarra,Mañeru,31161
Navarra,Marañón,31162
Navarra,Marcilla,31163
Navarra,Mélida,31164
Navarra,Mendavia,31165
Navarra,Mendaza,31166
Navarra,Mendigorria,31167
Navarra,Metauten,31168
Navarra,Milagro,31169
Navarra,Mirafuentes,31170
Navarra,Miranda de Arga,31171
Navarra,Monreal/Elo,31172
Navarra,Monteagudo,31173
Navarra,Morentin,31174
Navarra,Mues,31175
Navarra,Murchante,31176
Navarra,Murieta,31177
Navarra,Murillo el Cuende,31178
Navarra,Murillo el Fruto,31179
Navarra,Muruzábal,31180
Navarra,Navascués/Nabaskoze,31181
Navarra,Nazar,31182
Navarra,Noáin (Valle de Elorz)/Noain (Elortzibar),31088
Navarra,Obanos,31183
Navarra,Ochagavía/Otsagabia,31185
Navarra,Oco,31184
Navarra,Odieta,31186
Navarra,Oiz,31187
Navarra,Olaibar,31188
Navarra,Olazti/Olazagutía,31189
Navarra,Olejua,31190
Navarra,Olite/Erriberri,31191
Navarra,Olóriz/Oloritz,31192
Navarra,Orbaizeta,31195
Navarra,Orbara,31196
Navarra,Orísoain,31197
Navarra,Orkoien,31906
Navarra,Oronz/Orontze,31198
Navarra,Oroz-Betelu/Orotz-Betelu,31199
Navarra,Orreaga/Roncesvalles,31211
Navarra,Oteiza,31200
Navarra,Pamplona/Iruña,31201
Navarra,Peralta/Azkoien,31202
Navarra,Petilla de Aragón,31203
Navarra,Piedramillera,31204
Navarra,Pitillas,31205
Navarra,Puente la Reina/Gares,31206
Navarra,Pueyo/Puiu,31207
Navarra,Ribaforada,31208
Navarra,Romanzado/Erromantzatua,31209
Navarra,Roncal/Erronkari,31210
Navarra,Sada,31212
Navarra,Saldías,31213
Navarra,Salinas de Oro/Jaitz,31214
Navarra,San Adrián,31215
Navarra,San Martín de Unx,31217
Navarra,Sangüesa/Zangoza,31216
Navarra,Sansol,31219
Navarra,Santacara,31220
Navarra,Sarriés/Sartze,31222
Navarra,Sartaguda,31223
Navarra,Sesma,31224
Navarra,Sorlada,31225
Navarra,Sunbilla,31226
Navarra,Tafalla,31227
Navarra,Tiebas-Muruarte de Reta,31228
Navarra,Tirapu,31229
Navarra,Torralba del Río,31230
Navarra,Torres del Río,31231
Navarra,Tudela,31232
Navarra,Tulebras,31233
Navarra,Ucar,31234
Navarra,Uharte Arakil,31123
Navarra,Ujué/Uxue,31235
Navarra,Ultzama,31236
Navarra,Unciti,31237
Navarra,Unzué/Untzue,31238
Navarra,Urdazubi/Urdax,31239
Navarra,Urdiain,31240
Navarra,Urraul Alto,31241
Navarra,Urraul Bajo,31242
Navarra,Urroz,31244
Navarra,Urroz-Villa,31243
Navarra,Urzainqui/Urzainki,31245
Navarra,Uterga,31246
Navarra,Uztárroz/Uztarroze,31247
Navarra,Valle de Egüés/Eguesibar,31086
Navarra,Valle de Ollo/Ollaran,31194
Navarra,Valle de Yerri/Deierri,31260
Navarra,Valtierra,31249
Navarra,Viana,31251
Navarra,Vidángoz/Bidankoze,31252
Navarra,Villafranca,31254
Navarra,Villamayor de Monjardín,31255
Navarra,Villatuerta,31257
Navarra,Villava/Atarrabia,31258
Navarra,Yesa,31261
Navarra,Zabalza/Zabaltza,31262
Navarra,Ziordia,31073
Navarra,Zizur Mayor/Zizur Nagusia,31907
Navarra,Zubieta,31263
Navarra,Zugarramurdi,31264
Navarra,Zúñiga,31265
Ourense,Allariz,32001
Ourense,Amoeiro,32002
Ourense,"Arnoia, A",32003
Ourense,Avión,32004
Ourense,Baltar,32005
Ourense,Bande,32006
Ourense,Baños de Molgas,32007
Ourense,Barbadás,32008
Ourense,"Barco de Valdeorras, O",32009
Ourense,Beade,32010
Ourense,Beariz,32011
Ourense,"Blancos, Os",32012
Ourense,Boborás,32013
Ourense,"Bola, A",32014
Ourense,"Bolo, O",32015
Ourense,Calvos de Randín,32016
Ourense,Carballeda de Avia,32018
Ourense,Carballeda de Valdeorras,32017
Ourense,"Carballiño, O",32019
Ourense,Cartelle,32020
Ourense,Castrelo de Miño,32022
Ourense,Castrelo do Val,32021
Ourense,Castro Caldelas,32023
Ourense,Celanova,32024
Ourense,Cenlle,32025
Ourense,Chandrexa de Queixa,32029
Ourense,Coles,32026
Ourense,Cortegada,32027
Ourense,Cualedro,32028
Ourense,Entrimo,32030
Ourense,Esgos,32031
Ourense,Gomesende,32033
Ourense,"Gudiña, A",32034
Ourense,"Irixo, O",32035
Ourense,Larouco,32038
Ourense,Laza,32039
Ourense,Leiro,32040
Ourense,Lobeira,32041
Ourense,Lobios,32042
Ourense,Maceda,32043
Ourense,Manzaneda,32044
Ourense,Maside,32045
Ourense,Melón,32046
Ourense,"Merca, A",32047
Ourense,"Mezquita, A",32048
Ourense,Montederramo,32049
Ourense,Monterrei,32050
Ourense,Muíños,32051
Ourense,Nogueira de Ramuín,32052
Ourense,Oímbra,32053
Ourense,Ourense,32054
Ourense,Paderne de Allariz,32055
Ourense,Padrenda,32056
Ourense,Parada de Sil,32057
Ourense,"Pereiro de Aguiar, O",32058
Ourense,"Peroxa, A",32059
Ourense,Petín,32060
Ourense,Piñor,32061
Ourense,"Pobra de Trives, A",32063
Ourense,Pontedeva,32064
Ourense,Porqueira,32062
Ourense,Punxín,32065
Ourense,Quintela de Leirado,32066
Ourense,Rairiz de Veiga,32067
Ourense,Ramirás,32068
Ourense,Ribadavia,32069
Ourense,Riós,32071
Ourense,"Rúa, A",32072
Ourense,Rubiá,32073
Ourense,San Amaro,32074
Ourense,San Cibrao das Viñas,32075
Ourense,San Cristovo de Cea,32076
Ourense,San Xoán de Río,32070
Ourense,Sandiás,32077
Ourense,Sarreaus,32078
Ourense,Taboadela,32079
Ourense,"Teixeira, A",32080
Ourense,Toén,32081
Ourense,Trasmiras,32082
Ourense,"Veiga, A",32083
Ourense,Verea,32084
Ourense,Verín,32085
Ourense,Viana do Bolo,32086
Ourense,Vilamarín,32087
Ourense,Vilamartín de Valdeorras,32088
Ourense,Vilar de Barrio,32089
Ourense,Vilar de Santos,32090
Ourense,Vilardevós,32091
Ourense,Vilariño de Conso,32092
Ourense,Xinzo de Limia,32032
Ourense,Xunqueira de Ambía,32036
Ourense,Xunqueira de Espadanedo,32037
Asturias,Allande,33001
Asturias,Aller,33002
Asturias,Amieva,33003
Asturias,Avilés,33004
Asturias,Belmonte de Miranda,33005
Asturias,Bimenes,33006
Asturias,Boal,33007
Asturias,Cabrales,33008
Asturias,Cabranes,33009
Asturias,Candamo,33010
Asturias,Cangas de Onís,33012
Asturias,Cangas del Narcea,33011
Asturias,Caravia,33013
Asturias,Carreño,33014
Asturias,Caso,33015
Asturias,Castrillón,33016
Asturias,Castropol,33017
Asturias,Coaña,33018
Asturias,Colunga,33019
Asturias,Corvera de Asturias,33020
Asturias,Cudillero,33021
Asturias,Degaña,33022
Asturias,"Franco, El",33023
Asturias,Gijón,33024
Asturias,Gozón,33025
Asturias,Grado,33026
Asturias,Grandas de Salime,33027
Asturias,Ibias,33028
Asturias,Illano,33029
Asturias,Illas,33030
Asturias,Langreo,33031
Asturias,Laviana,33032
Asturias,Lena,33033
Asturias,Llanera,33035
Asturias,Llanes,33036
Asturias,Mieres,33037
Asturias,Morcín,33038
Asturias,Muros de Nalón,33039
Asturias,Nava,33040
Asturias,Navia,33041
Asturias,Noreña,33042
Asturias,Onís,33043
Asturias,Oviedo,33044
Asturias,Parres,33045
Asturias,Peñamellera Alta,33046
Asturias,Peñamellera Baja,33047
Asturias,Pesoz,33048
Asturias,Piloña,33049
Asturias,Ponga,33050
Asturias,Pravia,33051
Asturias,Proaza,33052
Asturias,Quirós,33053
Asturias,"Regueras, Las",33054
Asturias,Ribadedeva,33055
Asturias,Ribadesella,33056
Asturias,Ribera de Arriba,33057
Asturias,Riosa,33058
Asturias,Salas,33059
Asturias,San Martín de Oscos,33061
Asturias,San Martín del Rey Aurelio,33060
Asturias,San Tirso de Abres,33063
Asturias,Santa Eulalia de Oscos,33062
Asturias,Santo Adriano,33064
Asturias,Sariego,33065
Asturias,Siero,33066
Asturias,Sobrescobio,33067
Asturias,Somiedo,33068
Asturias,Soto del Barco,33069
Asturias,Tapia de Casariego,33070
Asturias,Taramundi,33071
Asturias,Teverga,33072
Asturias,Tineo,33073
Asturias,Valdés,33034
Asturias,Vegadeo,33074
Asturias,Villanueva de Oscos,33075
Asturias,Villaviciosa,33076
Asturias,Villayón,33077
Asturias,Yernes y Tameza,33078
Palencia,Abarca de Campos,34001
Palencia,Abia de las Torres,34003
Palencia,Aguilar de Campoo,34004
Palencia,Alar del Rey,34005
Palencia,Alba de Cerrato,34006
Palencia,Amayuelas de Arriba,34009
Palencia,Ampudia,34010
Palencia,Amusco,34011
Palencia,Antigüedad,34012
Palencia,Arconada,34015
Palencia,Astudillo,34017
Palencia,Autilla del Pino,34018
Palencia,Autillo de Campos,34019
Palencia,Ayuela,34020
Palencia,Baltanás,34022
Palencia,Baquerín de Campos,34024
Palencia,Bárcena de Campos,34025
Palencia,Barruelo de Santullán,34027
Palencia,Báscones de Ojeda,34028
Palencia,Becerril de Campos,34029
Palencia,Belmonte de Campos,34031
Palencia,Berzosilla,34032
Palencia,Boada de Campos,34033
Palencia,Boadilla de Rioseco,34035
Palencia,Boadilla del Camino,34034
Palencia,Brañosera,34036
Palencia,Buenavista de Valdavia,34037
Palencia,Bustillo de la Vega,34038
Palencia,Bustillo del Páramo de Carrión,34039
Palencia,Calahorra de Boedo,34041
Palencia,Calzada de los Molinos,34042
Palencia,Capillas,34045
Palencia,Cardeñosa de Volpejera,34046
Palencia,Carrión de los Condes,34047
Palencia,Castil de Vela,34048
Palencia,Castrejón de la Peña,34049
Palencia,Castrillo de Don Juan,34050
Palencia,Castrillo de Onielo,34051
Palencia,Castrillo de Villavega,34052
Palencia,Castromocho,34053
Palencia,Cervatos de la Cueza,34055
Palencia,Cervera de Pisuerga,34056
Palencia,Cevico de la Torre,34057
Palencia,Cevico Navero,34058
Palencia,Cisneros,34059
Palencia,Cobos de Cerrato,34060
Palencia,Collazos de Boedo,34061
Palencia,Congosto de Valdavia,34062
Palencia,Cordovilla la Real,34063
Palencia,Cubillas de Cerrato,34066
Palencia,Dehesa de Montejo,34067
Palencia,Dehesa de Romanos,34068
Palencia,Dueñas,34069
Palencia,Espinosa de Cerrato,34070
Palencia,Espinosa de Villagonzalo,34071
Palencia,Frechilla,34072
Palencia,Fresno del Río,34073
Palencia,Frómista,34074
Palencia,Fuentes de Nava,34076
Palencia,Fuentes de Valdepero,34077
Palencia,Grijota,34079
Palencia,Guardo,34080
Palencia,Guaza de Campos,34081
Palencia,Hérmedes de Cerrato,34082
Palencia,Herrera de Pisuerga,34083
Palencia,Herrera de Valdecañas,34084
Palencia,Hontoria de Cerrato,34086
Palencia,Hornillos de Cerrato,34087
Palencia,Husillos,34088
Palencia,Itero de la Vega,34089
Palencia,Lagartos,34091
Palencia,Lantadilla,34092
Palencia,Ledigos,34094
Palencia,Loma de Ucieza,34903
Palencia,Lomas,34096
Palencia,Magaz de Pisuerga,34098
Palencia,Manquillos,34099
Palencia,Mantinos,34100
Palencia,Marcilla de Campos,34101
Palencia,Mazariegos,34102
Palencia,Mazuecos de Valdeginate,34103
Palencia,Melgar de Yuso,34104
Palencia,Meneses de Campos,34106
Palencia,Micieces de Ojeda,34107
Palencia,Monzón de Campos,34108
Palencia,Moratinos,34109
Palencia,Mudá,34110
Palencia,Nogal de las Huertas,34112
Palencia,Olea de Boedo,34113
Palencia,Olmos de Ojeda,34114
Palencia,Osornillo,34116
Palencia,Osorno la Mayor,34901
Palencia,Palencia,34120
Palencia,Palenzuela,34121
Palencia,Páramo de Boedo,34122
Palencia,Paredes de Nava,34123
Palencia,Payo de Ojeda,34124
Palencia,Pedraza de Campos,34125
Palencia,Pedrosa de la Vega,34126
Palencia,Perales,34127
Palencia,"Pernía, La",34904
Palencia,Pino del Río,34129
Palencia,Piña de Campos,34130
Palencia,Población de Arroyo,34131
Palencia,Población de Campos,34132
Palencia,Población de Cerrato,34133
Palencia,Polentinos,34134
Palencia,Pomar de Valdivia,34135
Palencia,Poza de la Vega,34136
Palencia,Pozo de Urama,34137
Palencia,Prádanos de Ojeda,34139
Palencia,"Puebla de Valdavia, La",34140
Palencia,Quintana del Puente,34141
Palencia,Quintanilla de Onsoña,34143
Palencia,Reinoso de Cerrato,34146
Palencia,Renedo de la Vega,34147
Palencia,Requena de Campos,34149
Palencia,Respenda de la Peña,34151
Palencia,Revenga de Campos,34152
Palencia,Revilla de Collazos,34154
Palencia,Ribas de Campos,34155
Palencia,Riberos de la Cueza,34156
Palencia,Saldaña,34157
Palencia,Salinas de Pisuerga,34158
Palencia,San Cebrián de Campos,34159
Palencia,San Cebrián de Mudá,34160
Palencia,San Cristóbal de Boedo,34161
Palencia,San Mamés de Campos,34163
Palencia,San Román de la Cuba,34165
Palencia,Santa Cecilia del Alcor,34167
Palencia,Santa Cruz de Boedo,34168
Palencia,Santervás de la Vega,34169
Palencia,Santibáñez de Ecla,34170
Palencia,Santibáñez de la Peña,34171
Palencia,Santoyo,34174
Palencia,"Serna, La",34175
Palencia,Soto de Cerrato,34177
Palencia,Sotobañado y Priorato,34176
Palencia,Tabanera de Cerrato,34178
Palencia,Tabanera de Valdavia,34179
Palencia,Támara de Campos,34180
Palencia,Tariego de Cerrato,34181
Palencia,Torquemada,34182
Palencia,Torremormojón,34184
Palencia,Triollo,34185
Palencia,Valbuena de Pisuerga,34186
Palencia,Valdeolmillos,34189
Palencia,Valderrábano,34190
Palencia,Valde-Ucieza,34192
Palencia,Valle de Cerrato,34196
Palencia,Valle del Retortillo,34902
Palencia,Velilla del Río Carrión,34199
Palencia,Venta de Baños,34023
Palencia,Vertavillo,34201
Palencia,"Vid de Ojeda, La",34093
Palencia,Villabasta de Valdavia,34202
Palencia,Villacidaler,34204
Palencia,Villaconancio,34205
Palencia,Villada,34206
Palencia,Villaeles de Valdavia,34208
Palencia,Villahán,34210
Palencia,Villaherreros,34211
Palencia,Villalaco,34213
Palencia,Villalba de Guardo,34214
Palencia,Villalcázar de Sirga,34215
Palencia,Villalcón,34216
Palencia,Villalobón,34217
Palencia,Villaluenga de la Vega,34218
Palencia,Villamartín de Campos,34220
Palencia,Villamediana,34221
Palencia,Villameriel,34222
Palencia,Villamoronta,34223
Palencia,Villamuera de la Cueza,34224
Palencia,Villamuriel de Cerrato,34225
Palencia,Villanueva del Rebollar,34227
Palencia,Villanuño de Valdavia,34228
Palencia,Villaprovedo,34229
Palencia,Villarmentero de Campos,34230
Palencia,Villarrabé,34231
Palencia,Villarramiel,34232
Palencia,Villasarracino,34233
Palencia,Villasila de Valdavia,34234
Palencia,Villaturde,34236
Palencia,Villaumbrales,34237
Palencia,Villaviudas,34238
Palencia,Villerías de Campos,34240
Palencia,Villodre,34241
Palencia,Villodrigo,34242
Palencia,Villoldo,34243
Palencia,Villota del Páramo,34245
Palencia,Villovieco,34246
Las Palmas,Agaete,35001
Las Palmas,Agüimes,35002
Las Palmas,"Aldea de San Nicolás, La",35020
Las Palmas,Antigua,35003
Las Palmas,Arrecife,35004
Las Palmas,Artenara,35005
Las Palmas,Arucas,35006
Las Palmas,Betancuria,35007
Las Palmas,Firgas,35008
Las Palmas,Gáldar,35009
Las Palmas,Haría,35010
Las Palmas,Ingenio,35011
Las Palmas,Mogán,35012
Las Palmas,Moya,35013
Las Palmas,"Oliva, La",35014
Las Palmas,Pájara,35015
Las Palmas,"Palmas de Gran Canaria, Las",35016
Las Palmas,Puerto del Rosario,35017
Las Palmas,San Bartolomé,35018
Las Palmas,San Bartolomé de Tirajana,35019
Las Palmas,Santa Brígida,35021
Las Palmas,Santa Lucía de Tirajana,35022
Las Palmas,Santa María de Guía de Gran Canaria,35023
Las Palmas,Teguise,35024
Las Palmas,Tejeda,35025
Las Palmas,Telde,35026
Las Palmas,Teror,35027
Las Palmas,Tías,35028
Las Palmas,Tinajo,35029
Las Palmas,Tuineje,35030
Las Palmas,Valleseco,35032
Las Palmas,Valsequillo de Gran Canaria,35031
Las Palmas,Vega de San Mateo,35033
Las Palmas,Yaiza,35034
Pontevedra,Agolada,36020
Pontevedra,Arbo,36001
Pontevedra,Baiona,36003
Pontevedra,Barro,36002
Pontevedra,Bueu,36004
Pontevedra,Caldas de Reis,36005
Pontevedra,Cambados,36006
Pontevedra,Campo Lameiro,36007
Pontevedra,Cangas,36008
Pontevedra,"Cañiza, A",36009
Pontevedra,Catoira,36010
Pontevedra,Cerdedo-Cotobade,36902
Pontevedra,Covelo,36013
Pontevedra,Crecente,36014
Pontevedra,Cuntis,36015
Pontevedra,Dozón,36016
Pontevedra,"Estrada, A",36017
Pontevedra,Forcarei,36018
Pontevedra,Fornelos de Montes,36019
Pontevedra,Gondomar,36021
Pontevedra,"Grove, O",36022
Pontevedra,"Guarda, A",36023
Pontevedra,"Illa de Arousa, A",36901
Pontevedra,Lalín,36024
Pontevedra,"Lama, A",36025
Pontevedra,Marín,36026
Pontevedra,Meaño,36027
Pontevedra,Meis,36028
Pontevedra,Moaña,36029
Pontevedra,Mondariz,36030
Pontevedra,Mondariz-Balneario,36031
Pontevedra,Moraña,36032
Pontevedra,Mos,36033
Pontevedra,"Neves, As",36034
Pontevedra,Nigrán,36035
Pontevedra,Oia,36036
Pontevedra,Pazos de Borbén,36037
Pontevedra,Poio,36041
Pontevedra,Ponte Caldelas,36043
Pontevedra,Ponteareas,36042
Pontevedra,Pontecesures,36044
Pontevedra,Pontevedra,36038
Pontevedra,"Porriño, O",36039
Pontevedra,Portas,36040
Pontevedra,Redondela,36045
Pontevedra,Ribadumia,36046
Pontevedra,Rodeiro,36047
Pontevedra,"Rosal, O",36048
Pontevedra,Salceda de Caselas,36049
Pontevedra,Salvaterra de Miño,36050
Pontevedra,Sanxenxo,36051
Pontevedra,Silleda,36052
Pontevedra,Soutomaior,36053
Pontevedra,Tomiño,36054
Pontevedra,Tui,36055
Pontevedra,Valga,36056
Pontevedra,Vigo,36057
Pontevedra,Vila de Cruces,36059
Pontevedra,Vilaboa,36058
Pontevedra,Vilagarcía de Arousa,36060
Pontevedra,Vilanova de Arousa,36061
Salamanca,Abusejo,37001
Salamanca,Agallas,37002
Salamanca,Ahigal de los Aceiteros,37003
Salamanca,Ahigal de Villarino,37004
Salamanca,"Alameda de Gardón, La",37005
Salamanca,"Alamedilla, La",37006
Salamanca,Alaraz,37007
Salamanca,Alba de Tormes,37008
Salamanca,Alba de Yeltes,37009
Salamanca,"Alberca, La",37010
Salamanca,"Alberguería de Argañán, La",37011
Salamanca,Alconada,37012
Salamanca,Aldea del Obispo,37015
Salamanca,Aldeacipreste,37013
Salamanca,Aldeadávila de la Ribera,37014
Salamanca,Aldealengua,37016
Salamanca,Aldeanueva de Figueroa,37017
Salamanca,Aldeanueva de la Sierra,37018
Salamanca,Aldearrodrigo,37019
Salamanca,Aldearrubia,37020
Salamanca,Aldeaseca de Alba,37021
Salamanca,Aldeaseca de la Frontera,37022
Salamanca,Aldeatejada,37023
Salamanca,Aldeavieja de Tormes,37024
Salamanca,Aldehuela de la Bóveda,37025
Salamanca,Aldehuela de Yeltes,37026
Salamanca,Almenara de Tormes,37027
Salamanca,Almendra,37028
Salamanca,Anaya de Alba,37029
Salamanca,Añover de Tormes,37030
Salamanca,Arabayona de Mógica,37031
Salamanca,Arapiles,37032
Salamanca,Arcediano,37033
Salamanca,"Arco, El",37034
Salamanca,Armenteros,37035
Salamanca,"Atalaya, La",37037
Salamanca,Babilafuente,37038
Salamanca,Bañobárez,37039
Salamanca,Barbadillo,37040
Salamanca,Barbalos,37041
Salamanca,Barceo,37042
Salamanca,Barruecopardo,37044
Salamanca,"Bastida, La",37045
Salamanca,Béjar,37046
Salamanca,Beleña,37047
Salamanca,Bermellar,37049
Salamanca,Berrocal de Huebra,37050
Salamanca,Berrocal de Salvatierra,37051
Salamanca,Boada,37052
Salamanca,"Bodón, El",37054
Salamanca,Bogajo,37055
Salamanca,"Bouza, La",37056
Salamanca,Bóveda del Río Almar,37057
Salamanca,Brincones,37058
Salamanca,Buenamadre,37059
Salamanca,Buenavista,37060
Salamanca,"Cabaco, El",37061
Salamanca,"Cabeza de Béjar, La",37063
Salamanca,Cabeza del Caballo,37065
Salamanca,Cabezabellosa de la Calzada,37062
Salamanca,Cabrerizos,37067
Salamanca,Cabrillas,37068
Salamanca,Calvarrasa de Abajo,37069
Salamanca,Calvarrasa de Arriba,37070
Salamanca,"Calzada de Béjar, La",37071
Salamanca,Calzada de Don Diego,37072
Salamanca,Calzada de Valdunciel,37073
Salamanca,Campillo de Azaba,37074
Salamanca,"Campo de Peñaranda, El",37077
Salamanca,Candelario,37078
Salamanca,Canillas de Abajo,37079
Salamanca,Cantagallo,37080
Salamanca,Cantalapiedra,37081
Salamanca,Cantalpino,37082
Salamanca,Cantaracillo,37083
Salamanca,Carbajosa de la Sagrada,37085
Salamanca,Carpio de Azaba,37086
Salamanca,Carrascal de Barregas,37087
Salamanca,Carrascal del Obispo,37088
Salamanca,Casafranca,37089
Salamanca,"Casas del Conde, Las",37090
Salamanca,Casillas de Flores,37091
Salamanca,Castellanos de Moriscos,37092
Salamanca,Castellanos de Villiquera,37185
Salamanca,Castillejo de Martín Viejo,37096
Salamanca,Castraz,37097
Salamanca,Cepeda,37098
Salamanca,Cereceda de la Sierra,37099
Salamanca,Cerezal de Peñahorcada,37100
Salamanca,Cerralbo,37101
Salamanca,"Cerro, El",37102
Salamanca,Cespedosa de Tormes,37103
Salamanca,Chagarcía Medianero,37114
Salamanca,Cilleros de la Bastida,37104
Salamanca,Cipérez,37106
Salamanca,Ciudad Rodrigo,37107
Salamanca,Coca de Alba,37108
Salamanca,Colmenar de Montemayor,37109
Salamanca,Cordovilla,37110
Salamanca,Cristóbal,37112
Salamanca,"Cubo de Don Sancho, El",37113
Salamanca,Dios le Guarde,37115
Salamanca,Doñinos de Ledesma,37116
Salamanca,Doñinos de Salamanca,37117
Salamanca,Éjeme,37118
Salamanca,Encina de San Silvestre,37120
Salamanca,"Encina, La",37119
Salamanca,Encinas de Abajo,37121
Salamanca,Encinas de Arriba,37122
Salamanca,Encinasola de los Comendadores,37123
Salamanca,Endrinal,37124
Salamanca,Escurial de la Sierra,37125
Salamanca,Espadaña,37126
Salamanca,Espeja,37127
Salamanca,Espino de la Orbada,37128
Salamanca,Florida de Liébana,37129
Salamanca,Forfoleda,37130
Salamanca,Frades de la Sierra,37131
Salamanca,"Fregeneda, La",37132
Salamanca,Fresnedoso,37133
Salamanca,Fresno Alhándiga,37134
Salamanca,"Fuente de San Esteban, La",37135
Salamanca,Fuenteguinaldo,37136
Salamanca,Fuenteliante,37137
Salamanca,Fuenterroble de Salvatierra,37138
Salamanca,Fuentes de Béjar,37139
Salamanca,Fuentes de Oñoro,37140
Salamanca,Gajates,37141
Salamanca,Galindo y Perahuy,37142
Salamanca,Galinduste,37143
Salamanca,Galisancho,37144
Salamanca,Gallegos de Argañán,37145
Salamanca,Gallegos de Solmirón,37146
Salamanca,Garcibuey,37147
Salamanca,Garcihernández,37148
Salamanca,Garcirrey,37149
Salamanca,Gejuelo del Barro,37150
Salamanca,Golpejas,37151
Salamanca,Gomecello,37152
Salamanca,Guadramiro,37154
Salamanca,Guijo de Ávila,37155
Salamanca,Guijuelo,37156
Salamanca,Herguijuela de Ciudad Rodrigo,37157
Salamanca,Herguijuela de la Sierra,37158
Salamanca,Herguijuela del Campo,37159
Salamanca,Hinojosa de Duero,37160
Salamanca,Horcajo de Montemayor,37161
Salamanca,Horcajo Medianero,37162
Salamanca,"Hoya, La",37163
Salamanca,Huerta,37164
Salamanca,Iruelos,37165
Salamanca,Ituero de Azaba,37166
Salamanca,Juzbado,37167
Salamanca,Lagunilla,37168
Salamanca,Larrodrigo,37169
Salamanca,Ledesma,37170
Salamanca,Ledrada,37171
Salamanca,Linares de Riofrío,37172
Salamanca,Lumbrales,37173
Salamanca,Machacón,37175
Salamanca,Macotera,37174
Salamanca,Madroñal,37176
Salamanca,"Maíllo, El",37177
Salamanca,Malpartida,37178
Salamanca,Mancera de Abajo,37179
Salamanca,"Manzano, El",37180
Salamanca,Martiago,37181
Salamanca,Martín de Yeltes,37183
Salamanca,Martinamor,37182
Salamanca,Masueco,37184
Salamanca,"Mata de Ledesma, La",37186
Salamanca,Matilla de los Caños del Río,37187
Salamanca,"Maya, La",37188
Salamanca,Membribe de la Sierra,37189
Salamanca,Mieza,37190
Salamanca,"Milano, El",37191
Salamanca,Miranda de Azán,37192
Salamanca,Miranda del Castañar,37193
Salamanca,Mogarraz,37194
Salamanca,Molinillo,37195
Salamanca,Monforte de la Sierra,37196
Salamanca,Monleón,37197
Salamanca,Monleras,37198
Salamanca,Monsagro,37199
Salamanca,Montejo,37200
Salamanca,Montemayor del Río,37201
Salamanca,Monterrubio de Armuña,37202
Salamanca,Monterrubio de la Sierra,37203
Salamanca,Morasverdes,37204
Salamanca,Morille,37205
Salamanca,Moríñigo,37206
Salamanca,Moriscos,37207
Salamanca,Moronta,37208
Salamanca,Mozárbez,37209
Salamanca,Narros de Matalayegua,37211
Salamanca,Nava de Béjar,37213
Salamanca,Nava de Francia,37214
Salamanca,Nava de Sotrobal,37215
Salamanca,Navacarros,37212
Salamanca,Navales,37216
Salamanca,Navalmoral de Béjar,37217
Salamanca,Navamorales,37218
Salamanca,Navarredonda de la Rinconada,37219
Salamanca,Navasfrías,37221
Salamanca,Negrilla de Palencia,37222
Salamanca,Olmedo de Camaces,37223
Salamanca,"Orbada, La",37224
Salamanca,Pajares de la Laguna,37225
Salamanca,Palacios del Arzobispo,37226
Salamanca,Palaciosrubios,37228
Salamanca,Palencia de Negrilla,37229
Salamanca,Parada de Arriba,37230
Salamanca,Parada de Rubiales,37231
Salamanca,Paradinas de San Juan,37232
Salamanca,Pastores,37233
Salamanca,"Payo, El",37234
Salamanca,Pedraza de Alba,37235
Salamanca,Pedrosillo de Alba,37236
Salamanca,Pedrosillo de los Aires,37237
Salamanca,Pedrosillo el Ralo,37238
Salamanca,"Pedroso de la Armuña, El",37239
Salamanca,Pelabravo,37240
Salamanca,Pelarrodríguez,37241
Salamanca,Pelayos,37242
Salamanca,"Peña, La",37243
Salamanca,Peñacaballera,37244
Salamanca,Peñaparda,37245
Salamanca,Peñaranda de Bracamonte,37246
Salamanca,Peñarandilla,37247
Salamanca,Peralejos de Abajo,37248
Salamanca,Peralejos de Arriba,37249
Salamanca,Pereña de la Ribera,37250
Salamanca,Peromingo,37251
Salamanca,Pinedas,37252
Salamanca,"Pino de Tormes, El",37253
Salamanca,Pitiegua,37254
Salamanca,Pizarral,37255
Salamanca,Poveda de las Cintas,37256
Salamanca,Pozos de Hinojo,37257
Salamanca,Puebla de Azaba,37258
Salamanca,Puebla de San Medel,37259
Salamanca,Puebla de Yeltes,37260
Salamanca,Puente del Congosto,37261
Salamanca,Puertas,37262
Salamanca,Puerto de Béjar,37263
Salamanca,Puerto Seguro,37264
Salamanca,Rágama,37265
Salamanca,"Redonda, La",37266
Salamanca,Retortillo,37267
Salamanca,"Rinconada de la Sierra, La",37268
Salamanca,Robleda,37269
Salamanca,Robliza de Cojos,37270
Salamanca,Rollán,37271
Salamanca,Saelices el Chico,37272
Salamanca,"Sagrada, La",37273
Salamanca,"Sahugo, El",37303
Salamanca,Salamanca,37274
Salamanca,Saldeana,37275
Salamanca,Salmoral,37276
Salamanca,Salvatierra de Tormes,37277
Salamanca,San Cristóbal de la Cuesta,37278
Salamanca,San Esteban de la Sierra,37284
Salamanca,San Felices de los Gallegos,37285
Salamanca,San Martín del Castañar,37286
Salamanca,San Miguel de Valero,37287
Salamanca,San Miguel del Robledo,37036
Salamanca,San Morales,37288
Salamanca,San Muñoz,37289
Salamanca,San Pedro de Rozados,37291
Salamanca,San Pedro del Valle,37290
Salamanca,San Pelayo de Guareña,37292
Salamanca,Sanchón de la Ribera,37280
Salamanca,Sanchón de la Sagrada,37281
Salamanca,Sanchotello,37282
Salamanca,Sancti-Spíritus,37279
Salamanca,Sando,37283
Salamanca,Santa María de Sando,37293
Salamanca,Santa Marta de Tormes,37294
Salamanca,Santiago de la Puebla,37296
Salamanca,Santibáñez de Béjar,37297
Salamanca,Santibáñez de la Sierra,37298
Salamanca,Santiz,37299
Salamanca,"Santos, Los",37300
Salamanca,Sardón de los Frailes,37301
Salamanca,Saucelle,37302
Salamanca,Sepulcro-Hilario,37304
Salamanca,Sequeros,37305
Salamanca,Serradilla del Arroyo,37306
Salamanca,Serradilla del Llano,37307
Salamanca,"Sierpe, La",37309
Salamanca,Sieteiglesias de Tormes,37310
Salamanca,Sobradillo,37311
Salamanca,Sorihuela,37312
Salamanca,Sotoserrano,37313
Salamanca,Tabera de Abajo,37314
Salamanca,"Tala, La",37315
Salamanca,Tamames,37316
Salamanca,Tarazona de Guareña,37317
Salamanca,Tardáguila,37318
Salamanca,"Tejado, El",37319
Salamanca,Tejeda y Segoyuela,37320
Salamanca,Tenebrón,37321
Salamanca,Terradillos,37322
Salamanca,Topas,37323
Salamanca,Tordillos,37324
Salamanca,"Tornadizo, El",37325
Salamanca,Torresmenudas,37327
Salamanca,Trabanca,37328
Salamanca,Tremedal de Tormes,37329
Salamanca,Valdecarros,37330
Salamanca,Valdefuentes de Sangusín,37331
Salamanca,Valdehijaderos,37332
Salamanca,Valdelacasa,37333
Salamanca,Valdelageve,37334
Salamanca,Valdelosa,37335
Salamanca,Valdemierque,37336
Salamanca,Valderrodrigo,37337
Salamanca,Valdunciel,37338
Salamanca,Valero,37339
Salamanca,Vallejera de Riofrío,37343
Salamanca,Valsalabroso,37340
Salamanca,Valverde de Valdelacasa,37341
Salamanca,Valverdón,37342
Salamanca,Vecinos,37344
Salamanca,Vega de Tirados,37345
Salamanca,"Veguillas, Las",37346
Salamanca,"Vellés, La",37347
Salamanca,Ventosa del Río Almar,37348
Salamanca,"Vídola, La",37349
Salamanca,Villaflores,37351
Salamanca,Villagonzalo de Tormes,37352
Salamanca,Villalba de los Llanos,37353
Salamanca,Villamayor,37354
Salamanca,Villanueva del Conde,37355
Salamanca,Villar de Argañán,37356
Salamanca,Villar de Ciervo,37357
Salamanca,Villar de Gallimazo,37358
Salamanca,Villar de la Yegua,37359
Salamanca,Villar de Peralonso,37360
Salamanca,Villar de Samaniego,37361
Salamanca,Villares de la Reina,37362
Salamanca,Villares de Yeltes,37363
Salamanca,Villarino de los Aires,37364
Salamanca,Villarmayor,37365
Salamanca,Villarmuerto,37366
Salamanca,Villasbuenas,37367
Salamanca,Villasdardo,37368
Salamanca,Villaseco de los Gamitos,37369
Salamanca,Villaseco de los Reyes,37370
Salamanca,Villasrubias,37371
Salamanca,Villaverde de Guareña,37372
Salamanca,Villavieja de Yeltes,37373
Salamanca,Villoria,37374
Salamanca,Villoruela,37375
Salamanca,Vilvestre,37350
Salamanca,Vitigudino,37376
Salamanca,Yecla de Yeltes,37377
Salamanca,Zamarra,37378
Salamanca,Zamayón,37379
Salamanca,Zarapicos,37380
Salamanca,"Zarza de Pumareda, La",37381
Salamanca,Zorita de la Frontera,37382
Santa Cruz de Tenerife,Adeje,38001
Santa Cruz de Tenerife,Agulo,38002
Santa Cruz de Tenerife,Alajeró,38003
Santa Cruz de Tenerife,Arafo,38004
Santa Cruz de Tenerife,Arico,38005
Santa Cruz de Tenerife,Arona,38006
Santa Cruz de Tenerife,Barlovento,38007
Santa Cruz de Tenerife,Breña Alta,38008
Santa Cruz de Tenerife,Breña Baja,38009
Santa Cruz de Tenerife,Buenavista del Norte,38010
Santa Cruz de Tenerife,Candelaria,38011
Santa Cruz de Tenerife,Fasnia,38012
Santa Cruz de Tenerife,Frontera,38013
Santa Cruz de Tenerife,Fuencaliente de la Palma,38014
Santa Cruz de Tenerife,Garachico,38015
Santa Cruz de Tenerife,Garafía,38016
Santa Cruz de Tenerife,Granadilla de Abona,38017
Santa Cruz de Tenerife,"Guancha, La",38018
Santa Cruz de Tenerife,Guía de Isora,38019
Santa Cruz de Tenerife,Güímar,38020
Santa Cruz de Tenerife,Hermigua,38021
Santa Cruz de Tenerife,Icod de los Vinos,38022
Santa Cruz de Tenerife,"Llanos de Aridane, Los",38024
Santa Cruz de Tenerife,"Matanza de Acentejo, La",38025
Santa Cruz de Tenerife,"Orotava, La",38026
Santa Cruz de Tenerife,"Paso, El",38027
Santa Cruz de Tenerife,"Pinar de El Hierro, El",38901
Santa Cruz de Tenerife,Puerto de la Cruz,38028
Santa Cruz de Tenerife,Puntagorda,38029
Santa Cruz de Tenerife,Puntallana,38030
Santa Cruz de Tenerife,"Realejos, Los",38031
Santa Cruz de Tenerife,"Rosario, El",38032
Santa Cruz de Tenerife,San Andrés y Sauces,38033
Santa Cruz de Tenerife,San Cristóbal de La Laguna,38023
Santa Cruz de Tenerife,San Juan de la Rambla,38034
Santa Cruz de Tenerife,San Miguel de Abona,38035
Santa Cruz de Tenerife,San Sebastián de la Gomera,38036
Santa Cruz de Tenerife,Santa Cruz de la Palma,38037
Santa Cruz de Tenerife,Santa Cruz de Tenerife,38038
Santa Cruz de Tenerife,Santa Úrsula,38039
Santa Cruz de Tenerife,Santiago del Teide,38040
Santa Cruz de Tenerife,"Sauzal, El",38041
Santa Cruz de Tenerife,"Silos, Los",38042
Santa Cruz de Tenerife,Tacoronte,38043
Santa Cruz de Tenerife,"Tanque, El",38044
Santa Cruz de Tenerife,Tazacorte,38045
Santa Cruz de Tenerife,Tegueste,38046
Santa Cruz de Tenerife,Tijarafe,38047
Santa Cruz de Tenerife,Valle Gran Rey,38049
Santa Cruz de Tenerife,Vallehermoso,38050
Santa Cruz de Tenerife,Valverde,38048
Santa Cruz de Tenerife,"Victoria de Acentejo, La",38051
Santa Cruz de Tenerife,Vilaflor de Chasna,38052
Santa Cruz de Tenerife,Villa de Mazo,38053
Cantabria,Alfoz de Lloredo,39001
Cantabria,Ampuero,39002
Cantabria,Anievas,39003
Cantabria,Arenas de Iguña,39004
Cantabria,Argoños,39005
Cantabria,Arnuero,39006
Cantabria,Arredondo,39007
Cantabria,"Astillero, El",39008
Cantabria,Bárcena de Cicero,39009
Cantabria,Bárcena de Pie de Concha,39010
Cantabria,Bareyo,39011
Cantabria,Cabezón de la Sal,39012
Cantabria,Cabezón de Liébana,39013
Cantabria,Cabuérniga,39014
Cantabria,Camaleño,39015
Cantabria,Camargo,39016
Cantabria,Campoo de Enmedio,39027
Cantabria,Campoo de Yuso,39017
Cantabria,Cartes,39018
Cantabria,Castañeda,39019
Cantabria,Castro-Urdiales,39020
Cantabria,Cieza,39021
Cantabria,Cillorigo de Liébana,39022
Cantabria,Colindres,39023
Cantabria,Comillas,39024
Cantabria,"Corrales de Buelna, Los",39025
Cantabria,Corvera de Toranzo,39026
Cantabria,Entrambasaguas,39028
Cantabria,Escalante,39029
Cantabria,Guriezo,39030
Cantabria,Hazas de Cesto,39031
Cantabria,Hermandad de Campoo de Suso,39032
Cantabria,Herrerías,39033
Cantabria,Lamasón,39034
Cantabria,Laredo,39035
Cantabria,Liendo,39036
Cantabria,Liérganes,39037
Cantabria,Limpias,39038
Cantabria,Luena,39039
Cantabria,Marina de Cudeyo,39040
Cantabria,Mazcuerras,39041
Cantabria,Medio Cudeyo,39042
Cantabria,Meruelo,39043
Cantabria,Miengo,39044
Cantabria,Miera,39045
Cantabria,Molledo,39046
Cantabria,Noja,39047
Cantabria,Penagos,39048
Cantabria,Peñarrubia,39049
Cantabria,Pesaguero,39050
Cantabria,Pesquera,39051
Cantabria,Piélagos,39052
Cantabria,Polaciones,39053
Cantabria,Polanco,39054
Cantabria,Potes,39055
Cantabria,Puente Viesgo,39056
Cantabria,Ramales de la Victoria,39057
Cantabria,Rasines,39058
Cantabria,Reinosa,39059
Cantabria,Reocín,39060
Cantabria,Ribamontán al Mar,39061
Cantabria,Ribamontán al Monte,39062
Cantabria,Rionansa,39063
Cantabria,Riotuerto,39064
Cantabria,"Rozas de Valdearroyo, Las",39065
Cantabria,Ruente,39066
Cantabria,Ruesga,39067
Cantabria,Ruiloba,39068
Cantabria,San Felices de Buelna,39069
Cantabria,San Miguel de Aguayo,39070
Cantabria,San Pedro del Romeral,39071
Cantabria,San Roque de Riomiera,39072
Cantabria,San Vicente de la Barquera,39080
Cantabria,Santa Cruz de Bezana,39073
Cantabria,Santa María de Cayón,39074
Cantabria,Santander,39075
Cantabria,Santillana del Mar,39076
Cantabria,Santiurde de Reinosa,39077
Cantabria,Santiurde de Toranzo,39078
Cantabria,Santoña,39079
Cantabria,Saro,39081
Cantabria,Selaya,39082
Cantabria,Soba,39083
Cantabria,Solórzano,39084
Cantabria,Suances,39085
Cantabria,"Tojos, Los",39086
Cantabria,Torrelavega,39087
Cantabria,Tresviso,39088
Cantabria,Tudanca,39089
Cantabria,Udías,39090
Cantabria,Val de San Vicente,39095
Cantabria,Valdáliga,39091
Cantabria,Valdeolea,39092
Cantabria,Valdeprado del Río,39093
Cantabria,Valderredible,39094
Cantabria,Valle de Villaverde,39101
Cantabria,Vega de Liébana,39096
Cantabria,Vega de Pas,39097
Cantabria,Villacarriedo,39098
Cantabria,Villaescusa,39099
Cantabria,Villafufre,39100
Cantabria,Voto,39102
Segovia,Abades,40001
Segovia,Adrada de Pirón,40002
Segovia,Adrados,40003
Segovia,Aguilafuente,40004
Segovia,Alconada de Maderuelo,40005
Segovia,Aldea Real,40012
Segovia,Aldealcorvo,40006
Segovia,Aldealengua de Pedraza,40007
Segovia,Aldealengua de Santa María,40008
Segovia,Aldeanueva de la Serrezuela,40009
Segovia,Aldeanueva del Codonal,40010
Segovia,Aldeasoña,40013
Segovia,Aldehorno,40014
Segovia,Aldehuela del Codonal,40015
Segovia,Aldeonte,40016
Segovia,Anaya,40017
Segovia,Añe,40018
Segovia,Arahuetes,40019
Segovia,Arcones,40020
Segovia,Arevalillo de Cega,40021
Segovia,Armuña,40022
Segovia,Ayllón,40024
Segovia,Barbolla,40025
Segovia,Basardilla,40026
Segovia,Bercial,40028
Segovia,Bercimuel,40029
Segovia,Bernardos,40030
Segovia,Bernuy de Porreros,40031
Segovia,Boceguillas,40032
Segovia,Brieva,40033
Segovia,Caballar,40034
Segovia,Cabañas de Polendos,40035
Segovia,Cabezuela,40036
Segovia,Calabazas de Fuentidueña,40037
Segovia,Campo de San Pedro,40039
Segovia,Cantalejo,40040
Segovia,Cantimpalos,40041
Segovia,Carabias,40161
Segovia,Carbonero el Mayor,40043
Segovia,Carrascal del Río,40044
Segovia,Casla,40045
Segovia,Castillejo de Mesleón,40046
Segovia,Castro de Fuentidueña,40047
Segovia,Castrojimeno,40048
Segovia,Castroserna de Abajo,40049
Segovia,Castroserracín,40051
Segovia,Cedillo de la Torre,40052
Segovia,Cerezo de Abajo,40053
Segovia,Cerezo de Arriba,40054
Segovia,Chañe,40065
Segovia,Cilleruelo de San Mamés,40055
Segovia,Cobos de Fuentidueña,40056
Segovia,Coca,40057
Segovia,Codorniz,40058
Segovia,Collado Hermoso,40059
Segovia,Condado de Castilnovo,40060
Segovia,Corral de Ayllón,40061
Segovia,Cozuelos de Fuentidueña,40902
Segovia,Cubillo,40062
Segovia,Cuéllar,40063
Segovia,Cuevas de Provanco,40905
Segovia,Domingo García,40068
Segovia,Donhierro,40069
Segovia,Duruelo,40070
Segovia,Encinas,40071
Segovia,Encinillas,40072
Segovia,Escalona del Prado,40073
Segovia,Escarabajosa de Cabezas,40074
Segovia,Escobar de Polendos,40075
Segovia,"Espinar, El",40076
Segovia,Espirdo,40077
Segovia,Fresneda de Cuéllar,40078
Segovia,Fresno de Cantespino,40079
Segovia,Fresno de la Fuente,40080
Segovia,Frumales,40081
Segovia,Fuente de Santa Cruz,40082
Segovia,Fuente el Olmo de Fuentidueña,40083
Segovia,Fuente el Olmo de Íscar,40084
Segovia,Fuentepelayo,40086
Segovia,Fuentepiñel,40087
Segovia,Fuenterrebollo,40088
Segovia,Fuentesaúco de Fuentidueña,40089
Segovia,Fuentesoto,40091
Segovia,Fuentidueña,40092
Segovia,Gallegos,40093
Segovia,Garcillán,40094
Segovia,Gomezserracín,40095
Segovia,Grajera,40097
Segovia,Honrubia de la Cuesta,40099
Segovia,Hontalbilla,40100
Segovia,Hontanares de Eresma,40101
Segovia,"Huertos, Los",40103
Segovia,Ituero y Lama,40104
Segovia,Juarros de Riomoros,40105
Segovia,Juarros de Voltoya,40106
Segovia,Labajos,40107
Segovia,Laguna de Contreras,40108
Segovia,Languilla,40109
Segovia,Lastras de Cuéllar,40110
Segovia,Lastras del Pozo,40111
Segovia,"Lastrilla, La",40112
Segovia,"Losa, La",40113
Segovia,Maderuelo,40115
Segovia,Marazoleja,40903
Segovia,Marazuela,40118
Segovia,Martín Miguel,40119
Segovia,Martín Muñoz de la Dehesa,40120
Segovia,Martín Muñoz de las Posadas,40121
Segovia,Marugán,40122
Segovia,Mata de Cuéllar,40124
Segovia,Matabuena,40123
Segovia,"Matilla, La",40125
Segovia,Melque de Cercos,40126
Segovia,Membibre de la Hoz,40127
Segovia,Migueláñez,40128
Segovia,Montejo de Arévalo,40129
Segovia,Montejo de la Vega de la Serrezuela,40130
Segovia,Monterrubio,40131
Segovia,Moral de Hornuez,40132
Segovia,Mozoncillo,40134
Segovia,Muñopedro,40135
Segovia,Muñoveros,40136
Segovia,Nava de la Asunción,40138
Segovia,Navafría,40139
Segovia,Navalilla,40140
Segovia,Navalmanzano,40141
Segovia,Navares de Ayuso,40142
Segovia,Navares de Enmedio,40143
Segovia,Navares de las Cuevas,40144
Segovia,Navas de Oro,40145
Segovia,Navas de Riofrío,40904
Segovia,Navas de San Antonio,40146
Segovia,Nieva,40148
Segovia,Olombrada,40149
Segovia,Orejana,40150
Segovia,Ortigosa de Pestaño,40151
Segovia,Ortigosa del Monte,40901
Segovia,Otero de Herreros,40152
Segovia,Pajarejos,40154
Segovia,Palazuelos de Eresma,40155
Segovia,Pedraza,40156
Segovia,Pelayos del Arroyo,40157
Segovia,Perosillo,40158
Segovia,Pinarejos,40159
Segovia,Pinarnegrillo,40160
Segovia,Prádena,40162
Segovia,Puebla de Pedraza,40163
Segovia,Rapariegos,40164
Segovia,Real Sitio de San Ildefonso,40181
Segovia,Rebollo,40165
Segovia,Remondo,40166
Segovia,Riaguas de San Bartolomé,40168
Segovia,Riaza,40170
Segovia,Ribota,40171
Segovia,Riofrío de Riaza,40172
Segovia,Roda de Eresma,40173
Segovia,Sacramenia,40174
Segovia,Samboal,40176
Segovia,San Cristóbal de Cuéllar,40177
Segovia,San Cristóbal de la Vega,40178
Segovia,San Cristóbal de Segovia,40906
Segovia,San Martín y Mudrián,40182
Segovia,San Miguel de Bernuy,40183
Segovia,San Pedro de Gaíllos,40184
Segovia,Sanchonuño,40179
Segovia,Sangarcía,40180
Segovia,Santa María la Real de Nieva,40185
Segovia,Santa Marta del Cerro,40186
Segovia,Santiuste de Pedraza,40188
Segovia,Santiuste de San Juan Bautista,40189
Segovia,Santo Domingo de Pirón,40190
Segovia,Santo Tomé del Puerto,40191
Segovia,Sauquillo de Cabezas,40192
Segovia,Sebúlcor,40193
Segovia,Segovia,40194
Segovia,Sepúlveda,40195
Segovia,Sequera de Fresno,40196
Segovia,Sotillo,40198
Segovia,Sotosalbos,40199
Segovia,Tabanera la Luenga,40200
Segovia,Tolocirio,40201
Segovia,Torre Val de San Pedro,40206
Segovia,Torreadrada,40202
Segovia,Torrecaballeros,40203
Segovia,Torrecilla del Pinar,40204
Segovia,Torreiglesias,40205
Segovia,Trescasas,40207
Segovia,Turégano,40208
Segovia,Urueñas,40210
Segovia,Valdeprados,40211
Segovia,Valdevacas de Montejo,40212
Segovia,Valdevacas y Guijar,40213
Segovia,Valle de Tabladillo,40218
Segovia,Vallelado,40219
Segovia,Valleruela de Pedraza,40220
Segovia,Valleruela de Sepúlveda,40221
Segovia,Valseca,40214
Segovia,Valtiendas,40215
Segovia,Valverde del Majano,40216
Segovia,Veganzones,40222
Segovia,Vegas de Matute,40223
Segovia,Ventosilla y Tejadilla,40224
Segovia,Villacastín,40225
Segovia,Villaverde de Íscar,40228
Segovia,Villaverde de Montejo,40229
Segovia,Villeguillo,40230
Segovia,Yanguas de Eresma,40231
Segovia,Zarzuela del Monte,40233
Segovia,Zarzuela del Pinar,40234
Sevilla,Aguadulce,41001
Sevilla,Alanís,41002
Sevilla,Albaida del Aljarafe,41003
Sevilla,Alcalá de Guadaíra,41004
Sevilla,Alcalá del Río,41005
Sevilla,Alcolea del Río,41006
Sevilla,"Algaba, La",41007
Sevilla,Algámitas,41008
Sevilla,Almadén de la Plata,41009
Sevilla,Almensilla,41010
Sevilla,Arahal,41011
Sevilla,Aznalcázar,41012
Sevilla,Aznalcóllar,41013
Sevilla,Badolatosa,41014
Sevilla,Benacazón,41015
Sevilla,Bollullos de la Mitación,41016
Sevilla,Bormujos,41017
Sevilla,Brenes,41018
Sevilla,Burguillos,41019
Sevilla,"Cabezas de San Juan, Las",41020
Sevilla,Camas,41021
Sevilla,"Campana, La",41022
Sevilla,Cantillana,41023
Sevilla,Cañada Rosal,41901
Sevilla,Carmona,41024
Sevilla,Carrión de los Céspedes,41025
Sevilla,Casariche,41026
Sevilla,Castilblanco de los Arroyos,41027
Sevilla,Castilleja de Guzmán,41028
Sevilla,Castilleja de la Cuesta,41029
Sevilla,Castilleja del Campo,41030
Sevilla,"Castillo de las Guardas, El",41031
Sevilla,Cazalla de la Sierra,41032
Sevilla,Constantina,41033
Sevilla,Coria del Río,41034
Sevilla,Coripe,41035
Sevilla,"Coronil, El",41036
Sevilla,"Corrales, Los",41037
Sevilla,"Cuervo de Sevilla, El",41903
Sevilla,Dos Hermanas,41038
Sevilla,Écija,41039
Sevilla,Espartinas,41040
Sevilla,Estepa,41041
Sevilla,Fuentes de Andalucía,41042
Sevilla,"Garrobo, El",41043
Sevilla,Gelves,41044
Sevilla,Gerena,41045
Sevilla,Gilena,41046
Sevilla,Gines,41047
Sevilla,Guadalcanal,41048
Sevilla,Guillena,41049
Sevilla,Herrera,41050
Sevilla,Huévar del Aljarafe,41051
Sevilla,Isla Mayor,41902
Sevilla,Lantejuela,41052
Sevilla,Lebrija,41053
Sevilla,Lora de Estepa,41054
Sevilla,Lora del Río,41055
Sevilla,"Luisiana, La",41056
Sevilla,"Madroño, El",41057
Sevilla,Mairena del Alcor,41058
Sevilla,Mairena del Aljarafe,41059
Sevilla,Marchena,41060
Sevilla,Marinaleda,41061
Sevilla,Martín de la Jara,41062
Sevilla,"Molares, Los",41063
Sevilla,Montellano,41064
Sevilla,Morón de la Frontera,41065
Sevilla,"Navas de la Concepción, Las",41066
Sevilla,Olivares,41067
Sevilla,Osuna,41068
Sevilla,"Palacios y Villafranca, Los",41069
Sevilla,"Palmar de Troya, El",41904
Sevilla,Palomares del Río,41070
Sevilla,Paradas,41071
Sevilla,Pedrera,41072
Sevilla,"Pedroso, El",41073
Sevilla,Peñaflor,41074
Sevilla,Pilas,41075
Sevilla,Pruna,41076
Sevilla,"Puebla de Cazalla, La",41077
Sevilla,"Puebla de los Infantes, La",41078
Sevilla,"Puebla del Río, La",41079
Sevilla,"Real de la Jara, El",41080
Sevilla,"Rinconada, La",41081
Sevilla,"Roda de Andalucía, La",41082
Sevilla,"Ronquillo, El",41083
Sevilla,"Rubio, El",41084
Sevilla,Salteras,41085
Sevilla,San Juan de Aznalfarache,41086
Sevilla,San Nicolás del Puerto,41088
Sevilla,Sanlúcar la Mayor,41087
Sevilla,Santiponce,41089
Sevilla,"Saucejo, El",41090
Sevilla,Sevilla,41091
Sevilla,Tocina,41092
Sevilla,Tomares,41093
Sevilla,Umbrete,41094
Sevilla,Utrera,41095
Sevilla,Valencina de la Concepción,41096
Sevilla,Villamanrique de la Condesa,41097
Sevilla,Villanueva de San Juan,41100
Sevilla,Villanueva del Ariscal,41098
Sevilla,Villanueva del Río y Minas,41099
Sevilla,Villaverde del Río,41101
Sevilla,"Viso del Alcor, El",41102
Soria,Abejar,42001
Soria,Adradas,42003
Soria,Ágreda,42004
Soria,Alconaba,42006
Soria,Alcubilla de Avellaneda,42007
Soria,Alcubilla de las Peñas,42008
Soria,Aldealafuente,42009
Soria,Aldealices,42010
Soria,Aldealpozo,42011
Soria,Aldealseñor,42012
Soria,Aldehuela de Periáñez,42013
Soria,"Aldehuelas, Las",42014
Soria,Alentisque,42015
Soria,Aliud,42016
Soria,Almajano,42017
Soria,Almaluez,42018
Soria,Almarza,42019
Soria,Almazán,42020
Soria,Almazul,42021
Soria,Almenar de Soria,42022
Soria,Alpanseque,42023
Soria,Arancón,42024
Soria,Arcos de Jalón,42025
Soria,Arenillas,42026
Soria,Arévalo de la Sierra,42027
Soria,Ausejo de la Sierra,42028
Soria,Baraona,42029
Soria,Barca,42030
Soria,Barcones,42031
Soria,Bayubas de Abajo,42032
Soria,Bayubas de Arriba,42033
Soria,Beratón,42034
Soria,Berlanga de Duero,42035
Soria,Blacos,42036
Soria,Bliecos,42037
Soria,Borjabad,42038
Soria,Borobia,42039
Soria,Buberos,42041
Soria,Buitrago,42042
Soria,Burgo de Osma-Ciudad de Osma,42043
Soria,Cabrejas del Campo,42044
Soria,Cabrejas del Pinar,42045
Soria,Calatañazor,42046
Soria,Caltojar,42048
Soria,Candilichera,42049
Soria,Cañamaque,42050
Soria,Carabantes,42051
Soria,Caracena,42052
Soria,Carrascosa de Abajo,42053
Soria,Carrascosa de la Sierra,42054
Soria,Casarejos,42055
Soria,Castilfrío de la Sierra,42056
Soria,Castillejo de Robledo,42058
Soria,Castilruiz,42057
Soria,Centenera de Andaluz,42059
Soria,Cerbón,42060
Soria,Cidones,42061
Soria,Cigudosa,42062
Soria,Cihuela,42063
Soria,Ciria,42064
Soria,Cirujales del Río,42065
Soria,Coscurita,42068
Soria,Covaleda,42069
Soria,Cubilla,42070
Soria,Cubo de la Solana,42071
Soria,Cueva de Ágreda,42073
Soria,Dévanos,42075
Soria,Deza,42076
Soria,Duruelo de la Sierra,42078
Soria,Escobosa de Almazán,42079
Soria,Espeja de San Marcelino,42080
Soria,Espejón,42081
Soria,Estepa de San Juan,42082
Soria,Frechilla de Almazán,42083
Soria,Fresno de Caracena,42084
Soria,Fuentearmegil,42085
Soria,Fuentecambrón,42086
Soria,Fuentecantos,42087
Soria,Fuentelmonge,42088
Soria,Fuentelsaz de Soria,42089
Soria,Fuentepinilla,42090
Soria,Fuentes de Magaña,42092
Soria,Fuentestrún,42093
Soria,Garray,42094
Soria,Golmayo,42095
Soria,Gómara,42096
Soria,Gormaz,42097
Soria,Herrera de Soria,42098
Soria,Hinojosa del Campo,42100
Soria,Langa de Duero,42103
Soria,Liceras,42105
Soria,"Losilla, La",42106
Soria,Magaña,42107
Soria,Maján,42108
Soria,Matalebreras,42110
Soria,Matamala de Almazán,42111
Soria,Medinaceli,42113
Soria,Miño de Medinaceli,42115
Soria,Miño de San Esteban,42116
Soria,Molinos de Duero,42117
Soria,Momblona,42118
Soria,Monteagudo de las Vicarías,42119
Soria,Montejo de Tiermes,42120
Soria,Montenegro de Cameros,42121
Soria,Morón de Almazán,42123
Soria,Muriel de la Fuente,42124
Soria,Muriel Viejo,42125
Soria,Nafría de Ucero,42127
Soria,Narros,42128
Soria,Navaleno,42129
Soria,Nepas,42130
Soria,Nolay,42131
Soria,Noviercas,42132
Soria,Ólvega,42134
Soria,Oncala,42135
Soria,Pinilla del Campo,42139
Soria,Portillo de Soria,42140
Soria,"Póveda de Soria, La",42141
Soria,Pozalmuro,42142
Soria,Quintana Redonda,42144
Soria,Quintanas de Gormaz,42145
Soria,Quiñonería,42148
Soria,"Rábanos, Los",42149
Soria,Rebollar,42151
Soria,Recuerda,42152
Soria,Rello,42153
Soria,Renieblas,42154
Soria,Retortillo de Soria,42155
Soria,Reznos,42156
Soria,"Riba de Escalote, La",42157
Soria,Rioseco de Soria,42158
Soria,Rollamienta,42159
Soria,"Royo, El",42160
Soria,Salduero,42161
Soria,San Esteban de Gormaz,42162
Soria,San Felices,42163
Soria,San Leonardo de Yagüe,42164
Soria,San Pedro Manrique,42165
Soria,Santa Cruz de Yanguas,42166
Soria,Santa María de Huerta,42167
Soria,Santa María de las Hoyas,42168
Soria,Serón de Nágima,42171
Soria,Soliedra,42172
Soria,Soria,42173
Soria,Sotillo del Rincón,42174
Soria,Suellacabras,42175
Soria,Tajahuerce,42176
Soria,Tajueco,42177
Soria,Talveila,42178
Soria,Tardelcuende,42181
Soria,Taroda,42182
Soria,Tejado,42183
Soria,Torlengua,42184
Soria,Torreblacos,42185
Soria,Torrubia de Soria,42187
Soria,Trévago,42188
Soria,Ucero,42189
Soria,Vadillo,42190
Soria,Valdeavellano de Tera,42191
Soria,Valdegeña,42192
Soria,Valdelagua del Cerro,42193
Soria,Valdemaluque,42194
Soria,Valdenebro,42195
Soria,Valdeprado,42196
Soria,Valderrodilla,42197
Soria,Valtajeros,42198
Soria,Velamazán,42200
Soria,Velilla de la Sierra,42201
Soria,Velilla de los Ajos,42202
Soria,Viana de Duero,42204
Soria,Villaciervos,42205
Soria,Villanueva de Gormaz,42206
Soria,Villar del Ala,42207
Soria,Villar del Campo,42208
Soria,Villar del Río,42209
Soria,"Villares de Soria, Los",42211
Soria,Villasayas,42212
Soria,Villaseca de Arciel,42213
Soria,Vinuesa,42215
Soria,Vizmanos,42216
Soria,Vozmediano,42217
Soria,Yanguas,42218
Soria,Yelo,42219
Tarragona,Aiguamúrcia,43001
Tarragona,Albinyana,43002
Tarragona,"Albiol, L'",43003
Tarragona,Alcanar,43004
Tarragona,Alcover,43005
Tarragona,"Aldea, L'",43904
Tarragona,Aldover,43006
Tarragona,"Aleixar, L'",43007
Tarragona,Alfara de Carles,43008
Tarragona,Alforja,43009
Tarragona,Alió,43010
Tarragona,Almoster,43011
Tarragona,Altafulla,43012
Tarragona,"Ametlla de Mar, L'",43013
Tarragona,"Ampolla, L'",43906
Tarragona,Amposta,43014
Tarragona,"Arboç, L'",43016
Tarragona,Arbolí,43015
Tarragona,"Argentera, L'",43017
Tarragona,Arnes,43018
Tarragona,Ascó,43019
Tarragona,Banyeres del Penedès,43020
Tarragona,Barberà de la Conca,43021
Tarragona,Batea,43022
Tarragona,Bellmunt del Priorat,43023
Tarragona,Bellvei,43024
Tarragona,Benifallet,43025
Tarragona,Benissanet,43026
Tarragona,"Bisbal de Montsant, La",43027
Tarragona,"Bisbal del Penedès, La",43028
Tarragona,Blancafort,43029
Tarragona,Bonastre,43030
Tarragona,"Borges del Camp, Les",43031
Tarragona,Bot,43032
Tarragona,Botarell,43033
Tarragona,Bràfim,43034
Tarragona,Cabacés,43035
Tarragona,Cabra del Camp,43036
Tarragona,Calafell,43037
Tarragona,Camarles,43903
Tarragona,Cambrils,43038
Tarragona,"Canonja, La",43907
Tarragona,Capafonts,43039
Tarragona,Capçanes,43040
Tarragona,Caseres,43041
Tarragona,Castellvell del Camp,43042
Tarragona,"Catllar, El",43043
Tarragona,Colldejou,43045
Tarragona,Conesa,43046
Tarragona,Constantí,43047
Tarragona,Corbera d'Ebre,43048
Tarragona,Cornudella de Montsant,43049
Tarragona,Creixell,43050
Tarragona,Cunit,43051
Tarragona,Deltebre,43901
Tarragona,Duesaigües,43053
Tarragona,"Espluga de Francolí, L'",43054
Tarragona,Falset,43055
Tarragona,"Fatarella, La",43056
Tarragona,"Febró, La",43057
Tarragona,"Figuera, La",43058
Tarragona,Figuerola del Camp,43059
Tarragona,Flix,43060
Tarragona,Forès,43061
Tarragona,Freginals,43062
Tarragona,"Galera, La",43063
Tarragona,Gandesa,43064
Tarragona,Garcia,43065
Tarragona,"Garidells, Els",43066
Tarragona,Ginestar,43067
Tarragona,Godall,43068
Tarragona,Gratallops,43069
Tarragona,"Guiamets, Els",43070
Tarragona,Horta de Sant Joan,43071
Tarragona,"Lloar, El",43072
Tarragona,Llorac,43073
Tarragona,Llorenç del Penedès,43074
Tarragona,Marçà,43076
Tarragona,Margalef,43075
Tarragona,Mas de Barberans,43077
Tarragona,Masdenverge,43078
Tarragona,Masllorenç,43079
Tarragona,"Masó, La",43080
Tarragona,Maspujols,43081
Tarragona,"Masroig, El",43082
Tarragona,"Milà, El",43083
Tarragona,Miravet,43084
Tarragona,"Molar, El",43085
Tarragona,Montblanc,43086
Tarragona,Montbrió del Camp,43088
Tarragona,Montferri,43089
Tarragona,"Montmell, El",43090
Tarragona,Mont-ral,43091
Tarragona,Mont-roig del Camp,43092
Tarragona,Móra d'Ebre,43093
Tarragona,Móra la Nova,43094
Tarragona,"Morell, El",43095
Tarragona,"Morera de Montsant, La",43096
Tarragona,"Nou de Gaià, La",43097
Tarragona,Nulles,43098
Tarragona,"Pallaresos, Els",43100
Tarragona,"Palma d'Ebre, La",43099
Tarragona,Passanant i Belltall,43101
Tarragona,Paüls,43102
Tarragona,Perafort,43103
Tarragona,"Perelló, El",43104
Tarragona,"Piles, Les",43105
Tarragona,"Pinell de Brai, El",43106
Tarragona,Pira,43107
Tarragona,"Pla de Santa Maria, El",43108
Tarragona,"Pobla de Mafumet, La",43109
Tarragona,"Pobla de Massaluca, La",43110
Tarragona,"Pobla de Montornès, La",43111
Tarragona,Poboleda,43112
Tarragona,"Pont d'Armentera, El",43113
Tarragona,Pontils,43141
Tarragona,Porrera,43114
Tarragona,Pradell de la Teixeta,43115
Tarragona,Prades,43116
Tarragona,Prat de Comte,43117
Tarragona,Pratdip,43118
Tarragona,Puigpelat,43119
Tarragona,Querol,43120
Tarragona,"Ràpita, La",43136
Tarragona,Rasquera,43121
Tarragona,Renau,43122
Tarragona,Reus,43123
Tarragona,"Riba, La",43124
Tarragona,Riba-roja d'Ebre,43125
Tarragona,"Riera de Gaià, La",43126
Tarragona,Riudecanyes,43127
Tarragona,Riudecols,43128
Tarragona,Riudoms,43129
Tarragona,Rocafort de Queralt,43130
Tarragona,Roda de Berà,43131
Tarragona,Rodonyà,43132
Tarragona,Roquetes,43133
Tarragona,"Rourell, El",43134
Tarragona,Salomó,43135
Tarragona,Salou,43905
Tarragona,Sant Jaume dels Domenys,43137
Tarragona,Sant Jaume d'Enveja,43902
Tarragona,Santa Bàrbara,43138
Tarragona,Santa Coloma de Queralt,43139
Tarragona,Santa Oliva,43140
Tarragona,Sarral,43142
Tarragona,Savallà del Comtat,43143
Tarragona,"Secuita, La",43144
Tarragona,"Selva del Camp, La",43145
Tarragona,Senan,43146
Tarragona,"Sénia, La",43044
Tarragona,Solivella,43147
Tarragona,Tarragona,43148
Tarragona,Tivenys,43149
Tarragona,Tivissa,43150
Tarragona,"Torre de Fontaubella, La",43151
Tarragona,"Torre de l'Espanyol, La",43152
Tarragona,Torredembarra,43153
Tarragona,Torroja del Priorat,43154
Tarragona,Tortosa,43155
Tarragona,Ulldecona,43156
Tarragona,Ulldemolins,43157
Tarragona,Vallclara,43158
Tarragona,Vallfogona de Riucorb,43159
Tarragona,Vallmoll,43160
Tarragona,Valls,43161
Tarragona,Vandellòs i l'Hospitalet de l'Infant,43162
Tarragona,"Vendrell, El",43163
Tarragona,Vespella de Gaià,43164
Tarragona,Vilabella,43165
Tarragona,Vilalba dels Arcs,43175
Tarragona,Vilallonga del Camp,43166
Tarragona,Vilanova de Prades,43168
Tarragona,Vilanova d'Escornalbou,43167
Tarragona,Vilaplana,43169
Tarragona,Vila-rodona,43170
Tarragona,Vila-seca,43171
Tarragona,Vilaverd,43172
Tarragona,"Vilella Alta, La",43173
Tarragona,"Vilella Baixa, La",43174
Tarragona,Vimbodí i Poblet,43176
Tarragona,Vinebre,43177
Tarragona,Vinyols i els Arcs,43178
Tarragona,Xerta,43052
Teruel,Ababuj,44001
Teruel,Abejuela,44002
Teruel,Aguatón,44003
Teruel,Aguaviva,44004
Teruel,Aguilar del Alfambra,44005
Teruel,Alacón,44006
Teruel,Alba,44007
Teruel,Albalate del Arzobispo,44008
Teruel,Albarracín,44009
Teruel,Albentosa,44010
Teruel,Alcaine,44011
Teruel,Alcalá de la Selva,44012
Teruel,Alcañiz,44013
Teruel,Alcorisa,44014
Teruel,Alfambra,44016
Teruel,Aliaga,44017
Teruel,Allepuz,44021
Teruel,Alloza,44022
Teruel,Allueva,44023
Teruel,Almohaja,44018
Teruel,Alobras,44019
Teruel,Alpeñés,44020
Teruel,Anadón,44024
Teruel,Andorra,44025
Teruel,Arcos de las Salinas,44026
Teruel,Arens de Lledó,44027
Teruel,Argente,44028
Teruel,Ariño,44029
Teruel,Azaila,44031
Teruel,Bádenas,44032
Teruel,Báguena,44033
Teruel,Bañón,44034
Teruel,Barrachina,44035
Teruel,Bea,44036
Teruel,Beceite,44037
Teruel,Bello,44039
Teruel,Belmonte de San José,44038
Teruel,Berge,44040
Teruel,Bezas,44041
Teruel,Blancas,44042
Teruel,Blesa,44043
Teruel,Bordón,44044
Teruel,Bronchales,44045
Teruel,Bueña,44046
Teruel,Burbáguena,44047
Teruel,Cabra de Mora,44048
Teruel,Calaceite,44049
Teruel,Calamocha,44050
Teruel,Calanda,44051
Teruel,Calomarde,44052
Teruel,Camañas,44053
Teruel,Camarena de la Sierra,44054
Teruel,Camarillas,44055
Teruel,Caminreal,44056
Teruel,Cantavieja,44059
Teruel,Cañada de Benatanduz,44060
Teruel,"Cañada de Verich, La",44061
Teruel,Cañada Vellida,44062
Teruel,Cañizar del Olivar,44063
Teruel,Cascante del Río,44064
Teruel,Castejón de Tornos,44065
Teruel,Castel de Cabra,44066
Teruel,"Castellar, El",44070
Teruel,Castellote,44071
Teruel,Castelnou,44067
Teruel,Castelserás,44068
Teruel,Cedrillas,44074
Teruel,Celadas,44075
Teruel,Cella,44076
Teruel,"Cerollera, La",44077
Teruel,"Codoñera, La",44080
Teruel,Corbalán,44082
Teruel,Cortes de Aragón,44084
Teruel,Cosa,44085
Teruel,Cretas,44086
Teruel,Crivillén,44087
Teruel,"Cuba, La",44088
Teruel,Cubla,44089
Teruel,Cucalón,44090
Teruel,"Cuervo, El",44092
Teruel,Cuevas de Almudén,44093
Teruel,Cuevas Labradas,44094
Teruel,Ejulve,44096
Teruel,Escorihuela,44097
Teruel,Escucha,44099
Teruel,Estercuel,44100
Teruel,Ferreruela de Huerva,44101
Teruel,Fonfría,44102
Teruel,Formiche Alto,44103
Teruel,Fórnoles,44105
Teruel,Fortanete,44106
Teruel,Foz-Calanda,44107
Teruel,"Fresneda, La",44108
Teruel,Frías de Albarracín,44109
Teruel,Fuenferrada,44110
Teruel,Fuentes Calientes,44111
Teruel,Fuentes Claras,44112
Teruel,Fuentes de Rubielos,44113
Teruel,Fuentespalda,44114
Teruel,Galve,44115
Teruel,Gargallo,44116
Teruel,Gea de Albarracín,44117
Teruel,"Ginebrosa, La",44118
Teruel,Griegos,44119
Teruel,Guadalaviar,44120
Teruel,Gúdar,44121
Teruel,Híjar,44122
Teruel,Hinojosa de Jarque,44123
Teruel,"Hoz de la Vieja, La",44124
Teruel,Huesa del Común,44125
Teruel,"Iglesuela del Cid, La",44126
Teruel,Jabaloyas,44127
Teruel,Jarque de la Val,44128
Teruel,Jatiel,44129
Teruel,Jorcas,44130
Teruel,Josa,44131
Teruel,Lagueruela,44132
Teruel,Lanzuela,44133
Teruel,Libros,44135
Teruel,Lidón,44136
Teruel,Linares de Mora,44137
Teruel,Lledó,44141
Teruel,Loscos,44138
Teruel,Maicas,44142
Teruel,Manzanera,44143
Teruel,Martín del Río,44144
Teruel,Mas de las Matas,44145
Teruel,"Mata de los Olmos, La",44146
Teruel,Mazaleón,44147
Teruel,Mezquita de Jarque,44148
Teruel,Mirambel,44149
Teruel,Miravete de la Sierra,44150
Teruel,Molinos,44151
Teruel,Monforte de Moyuela,44152
Teruel,Monreal del Campo,44153
Teruel,Monroyo,44154
Teruel,Montalbán,44155
Teruel,Monteagudo del Castillo,44156
Teruel,Monterde de Albarracín,44157
Teruel,Mora de Rubielos,44158
Teruel,Moscardón,44159
Teruel,Mosqueruela,44160
Teruel,Muniesa,44161
Teruel,Noguera de Albarracín,44163
Teruel,Nogueras,44164
Teruel,Nogueruelas,44165
Teruel,Obón,44167
Teruel,Odón,44168
Teruel,Ojos Negros,44169
Teruel,Olba,44171
Teruel,Oliete,44172
Teruel,"Olmos, Los",44173
Teruel,Orihuela del Tremedal,44174
Teruel,Orrios,44175
Teruel,Palomar de Arroyos,44176
Teruel,Pancrudo,44177
Teruel,"Parras de Castellote, Las",44178
Teruel,Peñarroya de Tastavins,44179
Teruel,Peracense,44180
Teruel,Peralejos,44181
Teruel,Perales del Alfambra,44182
Teruel,Pitarque,44183
Teruel,Plou,44184
Teruel,"Pobo, El",44185
Teruel,"Portellada, La",44187
Teruel,Pozondón,44189
Teruel,Pozuel del Campo,44190
Teruel,"Puebla de Híjar, La",44191
Teruel,"Puebla de Valverde, La",44192
Teruel,Puertomingalvo,44193
Teruel,Ráfales,44194
Teruel,Rillo,44195
Teruel,Riodeva,44196
Teruel,Ródenas,44197
Teruel,Royuela,44198
Teruel,Rubiales,44199
Teruel,Rubielos de la Cérida,44200
Teruel,Rubielos de Mora,44201
Teruel,Salcedillo,44203
Teruel,Saldón,44204
Teruel,Samper de Calanda,44205
Teruel,San Agustín,44206
Teruel,San Martín del Río,44207
Teruel,Santa Cruz de Nogueras,44208
Teruel,Santa Eulalia,44209
Teruel,Sarrión,44210
Teruel,Segura de los Baños,44211
Teruel,Seno,44212
Teruel,Singra,44213
Teruel,Terriente,44215
Teruel,Teruel,44216
Teruel,Toril y Masegoso,44217
Teruel,Tormón,44218
Teruel,Tornos,44219
Teruel,Torralba de los Sisones,44220
Teruel,Torre de Arcas,44223
Teruel,Torre de las Arcas,44224
Teruel,Torre del Compte,44225
Teruel,Torre los Negros,44227
Teruel,Torrecilla de Alcañiz,44221
Teruel,Torrecilla del Rebollar,44222
Teruel,Torrelacárcel,44226
Teruel,Torremocha de Jiloca,44228
Teruel,Torres de Albarracín,44229
Teruel,Torrevelilla,44230
Teruel,Torrijas,44231
Teruel,Torrijo del Campo,44232
Teruel,Tramacastiel,44234
Teruel,Tramacastilla,44235
Teruel,Tronchón,44236
Teruel,Urrea de Gaén,44237
Teruel,Utrillas,44238
Teruel,Valacloche,44239
Teruel,Valbona,44240
Teruel,Valdealgorfa,44241
Teruel,Valdecuenca,44243
Teruel,Valdelinares,44244
Teruel,Valdeltormo,44245
Teruel,Valderrobres,44246
Teruel,Valjunquera,44247
Teruel,"Vallecillo, El",44249
Teruel,Veguillas de la Sierra,44250
Teruel,Villafranca del Campo,44251
Teruel,Villahermosa del Campo,44252
Teruel,Villanueva del Rebollar de la Sierra,44256
Teruel,Villar del Cobo,44257
Teruel,Villar del Salz,44258
Teruel,Villarluengo,44260
Teruel,Villarquemado,44261
Teruel,Villarroya de los Pinares,44262
Teruel,Villastar,44263
Teruel,Villel,44264
Teruel,Vinaceite,44265
Teruel,Visiedo,44266
Teruel,Vivel del Río Martín,44267
Teruel,"Zoma, La",44268
Toledo,Ajofrín,45001
Toledo,Alameda de la Sagra,45002
Toledo,Albarreal de Tajo,45003
Toledo,Alcabón,45004
Toledo,Alcañizo,45005
Toledo,Alcaudete de la Jara,45006
Toledo,Alcolea de Tajo,45007
Toledo,Aldea en Cabo,45008
Toledo,Aldeanueva de Barbarroya,45009
Toledo,Aldeanueva de San Bartolomé,45010
Toledo,Almendral de la Cañada,45011
Toledo,Almonacid de Toledo,45012
Toledo,Almorox,45013
Toledo,Añover de Tajo,45014
Toledo,Arcicóllar,45015
Toledo,Argés,45016
Toledo,Azután,45017
Toledo,Barcience,45018
Toledo,Bargas,45019
Toledo,Belvís de la Jara,45020
Toledo,Borox,45021
Toledo,Buenaventura,45022
Toledo,Burguillos de Toledo,45023
Toledo,Burujón,45024
Toledo,Cabañas de la Sagra,45025
Toledo,Cabañas de Yepes,45026
Toledo,Cabezamesada,45027
Toledo,Calera y Chozas,45028
Toledo,Caleruela,45029
Toledo,Calzada de Oropesa,45030
Toledo,Camarena,45031
Toledo,Camarenilla,45032
Toledo,"Campillo de la Jara, El",45033
Toledo,Camuñas,45034
Toledo,Cardiel de los Montes,45035
Toledo,Carmena,45036
Toledo,"Carpio de Tajo, El",45037
Toledo,Carranque,45038
Toledo,Carriches,45039
Toledo,"Casar de Escalona, El",45040
Toledo,Casarrubios del Monte,45041
Toledo,Casasbuenas,45042
Toledo,Castillo de Bayuela,45043
Toledo,Cazalegas,45045
Toledo,Cebolla,45046
Toledo,Cedillo del Condado,45047
Toledo,"Cerralbos, Los",45048
Toledo,Cervera de los Montes,45049
Toledo,Chozas de Canales,45056
Toledo,Chueca,45057
Toledo,Ciruelos,45050
Toledo,Cobeja,45051
Toledo,Cobisa,45052
Toledo,Consuegra,45053
Toledo,Corral de Almaguer,45054
Toledo,Cuerva,45055
Toledo,Domingo Pérez,45058
Toledo,Dosbarrios,45059
Toledo,Erustes,45060
Toledo,Escalona,45061
Toledo,Escalonilla,45062
Toledo,Espinoso del Rey,45063
Toledo,Esquivias,45064
Toledo,"Estrella, La",45065
Toledo,Fuensalida,45066
Toledo,Gálvez,45067
Toledo,Garciotum,45068
Toledo,Gerindote,45069
Toledo,Guadamur,45070
Toledo,"Guardia, La",45071
Toledo,"Herencias, Las",45072
Toledo,Herreruela de Oropesa,45073
Toledo,Hinojosa de San Vicente,45074
Toledo,Hontanar,45075
Toledo,Hormigos,45076
Toledo,Huecas,45077
Toledo,Huerta de Valdecarábanos,45078
Toledo,"Iglesuela del Tiétar, La",45079
Toledo,Illán de Vacas,45080
Toledo,Illescas,45081
Toledo,Lagartera,45082
Toledo,Layos,45083
Toledo,Lillo,45084
Toledo,Lominchar,45085
Toledo,Lucillos,45086
Toledo,Madridejos,45087
Toledo,Magán,45088
Toledo,Malpica de Tajo,45089
Toledo,Manzaneque,45090
Toledo,Maqueda,45091
Toledo,Marjaliza,45092
Toledo,Marrupe,45093
Toledo,Mascaraque,45094
Toledo,"Mata, La",45095
Toledo,Mazarambroz,45096
Toledo,Mejorada,45097
Toledo,Menasalbas,45098
Toledo,Méntrida,45099
Toledo,Mesegar de Tajo,45100
Toledo,Miguel Esteban,45101
Toledo,Mocejón,45102
Toledo,Mohedas de la Jara,45103
Toledo,Montearagón,45104
Toledo,Montesclaros,45105
Toledo,Mora,45106
Toledo,Nambroca,45107
Toledo,"Nava de Ricomalillo, La",45108
Toledo,Navahermosa,45109
Toledo,Navalcán,45110
Toledo,Navalmoralejo,45111
Toledo,"Navalmorales, Los",45112
Toledo,"Navalucillos, Los",45113
Toledo,Navamorcuende,45114
Toledo,Noblejas,45115
Toledo,Noez,45116
Toledo,Nombela,45117
Toledo,Novés,45118
Toledo,Numancia de la Sagra,45119
Toledo,Nuño Gómez,45120
Toledo,Ocaña,45121
Toledo,Olías del Rey,45122
Toledo,Ontígola,45123
Toledo,Orgaz,45124
Toledo,Oropesa,45125
Toledo,Otero,45126
Toledo,Palomeque,45127
Toledo,Pantoja,45128
Toledo,Paredes de Escalona,45129
Toledo,Parrillas,45130
Toledo,Pelahustán,45131
Toledo,Pepino,45132
Toledo,Polán,45133
Toledo,Portillo de Toledo,45134
Toledo,"Puebla de Almoradiel, La",45135
Toledo,"Puebla de Montalbán, La",45136
Toledo,"Pueblanueva, La",45137
Toledo,"Puente del Arzobispo, El",45138
Toledo,Puerto de San Vicente,45139
Toledo,Pulgar,45140
Toledo,Quero,45141
Toledo,Quintanar de la Orden,45142
Toledo,Quismondo,45143
Toledo,"Real de San Vicente, El",45144
Toledo,Recas,45145
Toledo,Retamoso de la Jara,45146
Toledo,Rielves,45147
Toledo,Robledo del Mazo,45148
Toledo,"Romeral, El",45149
Toledo,San Bartolomé de las Abiertas,45150
Toledo,San Martín de Montalbán,45151
Toledo,San Martín de Pusa,45152
Toledo,San Pablo de los Montes,45153
Toledo,San Román de los Montes,45154
Toledo,Santa Ana de Pusa,45155
Toledo,Santa Cruz de la Zarza,45156
Toledo,Santa Cruz del Retamar,45157
Toledo,Santa Olalla,45158
Toledo,Santo Domingo-Caudilla,45901
Toledo,Sartajada,45159
Toledo,Segurilla,45160
Toledo,Seseña,45161
Toledo,Sevilleja de la Jara,45162
Toledo,Sonseca,45163
Toledo,Sotillo de las Palomas,45164
Toledo,Talavera de la Reina,45165
Toledo,Tembleque,45166
Toledo,"Toboso, El",45167
Toledo,Toledo,45168
Toledo,Torralba de Oropesa,45169
Toledo,"Torre de Esteban Hambrán, La",45171
Toledo,Torrecilla de la Jara,45170
Toledo,Torrico,45172
Toledo,Torrijos,45173
Toledo,Totanés,45174
Toledo,Turleque,45175
Toledo,Ugena,45176
Toledo,Urda,45177
Toledo,Valdeverdeja,45179
Toledo,Valmojado,45180
Toledo,Velada,45181
Toledo,"Ventas con Peña Aguilera, Las",45182
Toledo,"Ventas de Retamosa, Las",45183
Toledo,"Ventas de San Julián, Las",45184
Toledo,"Villa de Don Fadrique, La",45186
Toledo,Villacañas,45185
Toledo,Villafranca de los Caballeros,45187
Toledo,Villaluenga de la Sagra,45188
Toledo,Villamiel de Toledo,45189
Toledo,Villaminaya,45190
Toledo,Villamuelas,45191
Toledo,Villanueva de Alcardete,45192
Toledo,Villanueva de Bogas,45193
Toledo,Villarejo de Montalbán,45194
Toledo,Villarrubia de Santiago,45195
Toledo,Villaseca de la Sagra,45196
Toledo,Villasequilla,45197
Toledo,Villatobas,45198
Toledo,"Viso de San Juan, El",45199
Toledo,"Yébenes, Los",45200
Toledo,Yeles,45201
Toledo,Yepes,45202
Toledo,Yuncler,45203
Toledo,Yunclillos,45204
Toledo,Yuncos,45205
Valencia,Ademuz,46001
Valencia,Ador,46002
Valencia,Agullent,46004
Valencia,Aielo de Malferit,46042
Valencia,Aielo de Rugat,46043
Valencia,Alaquàs,46005
Valencia,Albaida,46006
Valencia,Albal,46007
Valencia,Albalat de la Ribera,46008
Valencia,Albalat dels Sorells,46009
Valencia,Albalat dels Tarongers,46010
Valencia,Alberic,46011
Valencia,Alborache,46012
Valencia,Alboraia/Alboraya,46013
Valencia,Albuixech,46014
Valencia,Alcàntera de Xúquer,46016
Valencia,Alcàsser,46015
Valencia,Alcublas,46018
Valencia,"Alcúdia de Crespins, l'",46020
Valencia,"Alcúdia, l'",46019
Valencia,Aldaia,46021
Valencia,Alfafar,46022
Valencia,Alfara de la Baronia,46024
Valencia,Alfara del Patriarca,46025
Valencia,Alfarb,46026
Valencia,Alfarrasí,46027
Valencia,Alfauir,46023
Valencia,Algar de Palància,46028
Valencia,Algemesí,46029
Valencia,Algímia d'Alfara,46030
Valencia,Alginet,46031
Valencia,Almàssera,46032
Valencia,Almiserà,46033
Valencia,Almoines,46034
Valencia,Almussafes,46035
Valencia,Alpuente,46036
Valencia,"Alqueria de la Comtessa, l'",46037
Valencia,Alzira,46017
Valencia,Andilla,46038
Valencia,Anna,46039
Valencia,Antella,46040
Valencia,Aras de los Olmos,46041
Valencia,Atzeneta d'Albaida,46003
Valencia,Ayora,46044
Valencia,Barx,46046
Valencia,Barxeta,46045
Valencia,Bèlgida,46047
Valencia,Bellreguard,46048
Valencia,Bellús,46049
Valencia,Benagéber,46050
Valencia,Benaguasil,46051
Valencia,Benavites,46052
Valencia,Beneixida,46053
Valencia,Benetússer,46054
Valencia,Beniarjó,46055
Valencia,Beniatjar,46056
Valencia,Benicolet,46057
Valencia,Benicull de Xúquer,46904
Valencia,Benifaió,46060
Valencia,Benifairó de la Valldigna,46059
Valencia,Benifairó de les Valls,46058
Valencia,Beniflá,46061
Valencia,Benigànim,46062
Valencia,Benimodo,46063
Valencia,Benimuslem,46064
Valencia,Beniparrell,46065
Valencia,Benirredrà,46066
Valencia,Benissanó,46067
Valencia,Benissoda,46068
Valencia,Benissuera,46069
Valencia,Bétera,46070
Valencia,Bicorp,46071
Valencia,Bocairent,46072
Valencia,Bolbaite,46073
Valencia,Bonrepòs i Mirambell,46074
Valencia,Bufali,46075
Valencia,Bugarra,46076
Valencia,Buñol,46077
Valencia,Burjassot,46078
Valencia,Calles,46079
Valencia,Camporrobles,46080
Valencia,Canals,46081
Valencia,Canet d'En Berenguer,46082
Valencia,Carcaixent,46083
Valencia,Càrcer,46084
Valencia,Carlet,46085
Valencia,Carrícola,46086
Valencia,Casas Altas,46087
Valencia,Casas Bajas,46088
Valencia,Casinos,46089
Valencia,Castelló,46257
Valencia,Castelló de Rugat,46090
Valencia,Castellonet de la Conquesta,46091
Valencia,Castielfabib,46092
Valencia,Catadau,46093
Valencia,Catarroja,46094
Valencia,Caudete de las Fuentes,46095
Valencia,Cerdà,46096
Valencia,Chella,46107
Valencia,Chelva,46106
Valencia,Chera,46108
Valencia,Cheste,46109
Valencia,Chiva,46111
Valencia,Chulilla,46112
Valencia,Cofrentes,46097
Valencia,Corbera,46098
Valencia,Cortes de Pallás,46099
Valencia,Cotes,46100
Valencia,Cullera,46105
Valencia,Daimús,46113
Valencia,Domeño,46114
Valencia,Dos Aguas,46115
Valencia,"Eliana, l'",46116
Valencia,Emperador,46117
Valencia,Enguera,46118
Valencia,"Énova, l'",46119
Valencia,Estivella,46120
Valencia,Estubeny,46121
Valencia,Faura,46122
Valencia,Favara,46123
Valencia,Foios,46126
Valencia,"Font de la Figuera, la",46128
Valencia,"Font d'en Carròs, la",46127
Valencia,Fontanars dels Alforins,46124
Valencia,Fortaleny,46125
Valencia,Fuenterrobles,46129
Valencia,Gandia,46131
Valencia,Gátova,46902
Valencia,Gavarda,46130
Valencia,"Genovés, el",46132
Valencia,Gestalgar,46133
Valencia,Gilet,46134
Valencia,Godella,46135
Valencia,Godelleta,46136
Valencia,"Granja de la Costera, la",46137
Valencia,Guadasséquies,46138
Valencia,Guadassuar,46139
Valencia,Guardamar de la Safor,46140
Valencia,Higueruelas,46141
Valencia,Jalance,46142
Valencia,Jarafuel,46144
Valencia,Llanera de Ranes,46154
Valencia,Llaurí,46155
Valencia,Llíria,46147
Valencia,Llocnou de la Corona,46152
Valencia,Llocnou de Sant Jeroni,46153
Valencia,Llocnou d'En Fenollet,46151
Valencia,Llombai,46156
Valencia,"Llosa de Ranes, la",46157
Valencia,Llutxent,46150
Valencia,Loriguilla,46148
Valencia,Losa del Obispo,46149
Valencia,Macastre,46158
Valencia,Manises,46159
Valencia,Manuel,46160
Valencia,Marines,46161
Valencia,Massalavés,46162
Valencia,Massalfassar,46163
Valencia,Massamagrell,46164
Valencia,Massanassa,46165
Valencia,Meliana,46166
Valencia,Millares,46167
Valencia,Miramar,46168
Valencia,Mislata,46169
Valencia,Moixent/Mogente,46170
Valencia,Montaverner,46173
Valencia,Montcada/Moncada,46171
Valencia,Montesa,46174
Valencia,Montitxelvo/Montichelvo,46175
Valencia,Montroi/Montroy,46176
Valencia,Montserrat,46172
Valencia,Museros,46177
Valencia,Nàquera/Náquera,46178
Valencia,Navarrés,46179
Valencia,Novetlè,46180
Valencia,Oliva,46181
Valencia,"Olleria, l'",46183
Valencia,Olocau,46182
Valencia,Ontinyent,46184
Valencia,Otos,46185
Valencia,Paiporta,46186
Valencia,Palma de Gandía,46187
Valencia,Palmera,46188
Valencia,"Palomar, el",46189
Valencia,Paterna,46190
Valencia,Pedralba,46191
Valencia,Petrés,46192
Valencia,Picanya,46193
Valencia,Picassent,46194
Valencia,Piles,46195
Valencia,Pinet,46196
Valencia,"Pobla de Farnals, la",46199
Valencia,"Pobla de Vallbona, la",46202
Valencia,"Pobla del Duc, la",46200
Valencia,"Pobla Llarga, la",46203
Valencia,Polinyà de Xúquer,46197
Valencia,Potries,46198
Valencia,Puçol,46205
Valencia,Puebla de San Miguel,46201
Valencia,"Puig de Santa Maria, el",46204
Valencia,Quart de les Valls,46101
Valencia,Quart de Poblet,46102
Valencia,Quartell,46103
Valencia,Quatretonda,46104
Valencia,Quesa,46206
Valencia,Rafelbunyol,46207
Valencia,Rafelcofer,46208
Valencia,Rafelguaraf,46209
Valencia,Ráfol de Salem,46210
Valencia,Real,46212
Valencia,"Real de Gandia, el",46211
Valencia,Requena,46213
Valencia,Riba-roja de Túria,46214
Valencia,Riola,46215
Valencia,Rocafort,46216
Valencia,Rotglà i Corberà,46217
Valencia,Ròtova,46218
Valencia,Rugat,46219
Valencia,Sagunt/Sagunto,46220
Valencia,Salem,46221
Valencia,San Antonio de Benagéber,46903
Valencia,Sant Joanet,46222
Valencia,Sedaví,46223
Valencia,Segart,46224
Valencia,Sellent,46225
Valencia,Sempere,46226
Valencia,Senyera,46227
Valencia,Serra,46228
Valencia,Siete Aguas,46229
Valencia,Silla,46230
Valencia,Simat de la Valldigna,46231
Valencia,Sinarcas,46232
Valencia,Sollana,46233
Valencia,Sot de Chera,46234
Valencia,Sueca,46235
Valencia,Sumacàrcer,46236
Valencia,Tavernes Blanques,46237
Valencia,Tavernes de la Valldigna,46238
Valencia,Teresa de Cofrentes,46239
Valencia,Terrateig,46240
Valencia,Titaguas,46241
Valencia,Torrebaja,46242
Valencia,Torrella,46243
Valencia,Torrent,46244
Valencia,Torres Torres,46245
Valencia,Tous,46246
Valencia,Tuéjar,46247
Valencia,Turís,46248
Valencia,Utiel,46249
Valencia,València,46250
Valencia,Vallada,46251
Valencia,Vallanca,46252
Valencia,Vallés,46253
Valencia,Venta del Moro,46254
Valencia,Vilallonga/Villalonga,46255
Valencia,Vilamarxant,46256
Valencia,Villar del Arzobispo,46258
Valencia,Villargordo del Cabriel,46259
Valencia,Vinalesa,46260
Valencia,Xàtiva,46145
Valencia,Xeraco,46143
Valencia,Xeresa,46146
Valencia,Xirivella,46110
Valencia,Yátova,46261
Valencia,"Yesa, La",46262
Valencia,Zarra,46263
Valladolid,Adalia,47001
Valladolid,Aguasal,47002
Valladolid,Aguilar de Campos,47003
Valladolid,Alaejos,47004
Valladolid,Alcazarén,47005
Valladolid,Aldea de San Miguel,47006
Valladolid,Aldeamayor de San Martín,47007
Valladolid,Almenara de Adaja,47008
Valladolid,Amusquillo,47009
Valladolid,Arroyo de la Encomienda,47010
Valladolid,Ataquines,47011
Valladolid,Bahabón,47012
Valladolid,Barcial de la Loma,47013
Valladolid,Barruelo del Valle,47014
Valladolid,Becilla de Valderaduey,47015
Valladolid,Benafarces,47016
Valladolid,Bercero,47017
Valladolid,Berceruelo,47018
Valladolid,Berrueces,47019
Valladolid,Bobadilla del Campo,47020
Valladolid,Bocigas,47021
Valladolid,Bocos de Duero,47022
Valladolid,Boecillo,47023
Valladolid,Bolaños de Campos,47024
Valladolid,Brahojos de Medina,47025
Valladolid,Bustillo de Chaves,47026
Valladolid,Cabezón de Pisuerga,47027
Valladolid,Cabezón de Valderaduey,47028
Valladolid,Cabreros del Monte,47029
Valladolid,Campaspero,47030
Valladolid,"Campillo, El",47031
Valladolid,Camporredondo,47032
Valladolid,Canalejas de Peñafiel,47033
Valladolid,Canillas de Esgueva,47034
Valladolid,Carpio,47035
Valladolid,Casasola de Arión,47036
Valladolid,Castrejón de Trabancos,47037
Valladolid,Castrillo de Duero,47038
Valladolid,Castrillo-Tejeriego,47039
Valladolid,Castrobol,47040
Valladolid,Castrodeza,47041
Valladolid,Castromembibre,47042
Valladolid,Castromonte,47043
Valladolid,Castronuevo de Esgueva,47044
Valladolid,Castronuño,47045
Valladolid,Castroponce,47046
Valladolid,Castroverde de Cerrato,47047
Valladolid,Ceinos de Campos,47048
Valladolid,Cervillego de la Cruz,47049
Valladolid,Cigales,47050
Valladolid,Ciguñuela,47051
Valladolid,Cistérniga,47052
Valladolid,Cogeces de Íscar,47053
Valladolid,Cogeces del Monte,47054
Valladolid,Corcos,47055
Valladolid,Corrales de Duero,47056
Valladolid,Cubillas de Santa Marta,47057
Valladolid,Cuenca de Campos,47058
Valladolid,Curiel de Duero,47059
Valladolid,Encinas de Esgueva,47060
Valladolid,Esguevillas de Esgueva,47061
Valladolid,Fombellida,47062
Valladolid,Fompedraza,47063
Valladolid,Fontihoyuelo,47064
Valladolid,Fresno el Viejo,47065
Valladolid,Fuensaldaña,47066
Valladolid,Fuente el Sol,47067
Valladolid,Fuente-Olmedo,47068
Valladolid,Gallegos de Hornija,47069
Valladolid,Gatón de Campos,47070
Valladolid,Geria,47071
Valladolid,Herrín de Campos,47073
Valladolid,Hornillos de Eresma,47074
Valladolid,Íscar,47075
Valladolid,Laguna de Duero,47076
Valladolid,Langayo,47077
Valladolid,Llano de Olmedo,47079
Valladolid,Lomoviejo,47078
Valladolid,Manzanillo,47080
Valladolid,Marzales,47081
Valladolid,Matapozuelos,47082
Valladolid,Matilla de los Caños,47083
Valladolid,Mayorga,47084
Valladolid,Medina de Rioseco,47086
Valladolid,Medina del Campo,47085
Valladolid,Megeces,47087
Valladolid,Melgar de Abajo,47088
Valladolid,Melgar de Arriba,47089
Valladolid,Mojados,47090
Valladolid,Monasterio de Vega,47091
Valladolid,Montealegre de Campos,47092
Valladolid,Montemayor de Pililla,47093
Valladolid,Moral de la Reina,47094
Valladolid,Moraleja de las Panaderas,47095
Valladolid,Morales de Campos,47096
Valladolid,Mota del Marqués,47097
Valladolid,Mucientes,47098
Valladolid,"Mudarra, La",47099
Valladolid,Muriel,47100
Valladolid,Nava del Rey,47101
Valladolid,Nueva Villa de las Torres,47102
Valladolid,Olivares de Duero,47103
Valladolid,Olmedo,47104
Valladolid,Olmos de Esgueva,47105
Valladolid,Olmos de Peñafiel,47106
Valladolid,Palazuelo de Vedija,47109
Valladolid,"Parrilla, La",47110
Valladolid,"Pedraja de Portillo, La",47111
Valladolid,Pedrajas de San Esteban,47112
Valladolid,Pedrosa del Rey,47113
Valladolid,Peñafiel,47114
Valladolid,Peñaflor de Hornija,47115
Valladolid,Pesquera de Duero,47116
Valladolid,Piña de Esgueva,47117
Valladolid,Piñel de Abajo,47118
Valladolid,Piñel de Arriba,47119
Valladolid,Pollos,47121
Valladolid,Portillo,47122
Valladolid,Pozal de Gallinas,47123
Valladolid,Pozaldez,47124
Valladolid,Pozuelo de la Orden,47125
Valladolid,Puras,47126
Valladolid,Quintanilla de Arriba,47127
Valladolid,Quintanilla de Onésimo,47129
Valladolid,Quintanilla de Trigueros,47130
Valladolid,Quintanilla del Molar,47128
Valladolid,Rábano,47131
Valladolid,Ramiro,47132
Valladolid,Renedo de Esgueva,47133
Valladolid,Roales de Campos,47134
Valladolid,Robladillo,47135
Valladolid,Roturas,47137
Valladolid,Rubí de Bracamonte,47138
Valladolid,Rueda,47139
Valladolid,Saelices de Mayorga,47140
Valladolid,Salvador de Zapardiel,47141
Valladolid,San Cebrián de Mazote,47142
Valladolid,San Llorente,47143
Valladolid,San Martín de Valvení,47144
Valladolid,San Miguel del Arroyo,47145
Valladolid,San Miguel del Pino,47146
Valladolid,San Pablo de la Moraleja,47147
Valladolid,San Pedro de Latarce,47148
Valladolid,San Pelayo,47149
Valladolid,San Román de Hornija,47150
Valladolid,San Salvador,47151
Valladolid,San Vicente del Palacio,47156
Valladolid,Santa Eufemia del Arroyo,47152
Valladolid,Santervás de Campos,47153
Valladolid,Santibáñez de Valcorba,47154
Valladolid,Santovenia de Pisuerga,47155
Valladolid,Sardón de Duero,47157
Valladolid,"Seca, La",47158
Valladolid,Serrada,47159
Valladolid,Siete Iglesias de Trabancos,47160
Valladolid,Simancas,47161
Valladolid,Tamariz de Campos,47162
Valladolid,Tiedra,47163
Valladolid,Tordehumos,47164
Valladolid,Tordesillas,47165
Valladolid,Torre de Esgueva,47169
Valladolid,Torre de Peñafiel,47170
Valladolid,Torrecilla de la Abadesa,47166
Valladolid,Torrecilla de la Orden,47167
Valladolid,Torrecilla de la Torre,47168
Valladolid,Torrelobatón,47171
Valladolid,Torrescárcela,47172
Valladolid,Traspinedo,47173
Valladolid,Trigueros del Valle,47174
Valladolid,Tudela de Duero,47175
Valladolid,"Unión de Campos, La",47176
Valladolid,Urones de Castroponce,47177
Valladolid,Urueña,47178
Valladolid,Valbuena de Duero,47179
Valladolid,Valdearcos de la Vega,47180
Valladolid,Valdenebro de los Valles,47181
Valladolid,Valdestillas,47182
Valladolid,Valdunquillo,47183
Valladolid,Valladolid,47186
Valladolid,Valoria la Buena,47184
Valladolid,Valverde de Campos,47185
Valladolid,Vega de Ruiponce,47187
Valladolid,Vega de Valdetronco,47188
Valladolid,Velascálvaro,47189
Valladolid,Velilla,47190
Valladolid,Velliza,47191
Valladolid,Ventosa de la Cuesta,47192
Valladolid,Viana de Cega,47193
Valladolid,Villabáñez,47195
Valladolid,Villabaruz de Campos,47196
Valladolid,Villabrágima,47197
Valladolid,Villacarralón,47198
Valladolid,Villacid de Campos,47199
Valladolid,Villaco,47200
Valladolid,Villafrades de Campos,47203
Valladolid,Villafranca de Duero,47204
Valladolid,Villafrechós,47205
Valladolid,Villafuerte,47206
Valladolid,Villagarcía de Campos,47207
Valladolid,Villagómez la Nueva,47208
Valladolid,Villalán de Campos,47209
Valladolid,Villalar de los Comuneros,47210
Valladolid,Villalba de la Loma,47211
Valladolid,Villalba de los Alcores,47212
Valladolid,Villalbarba,47213
Valladolid,Villalón de Campos,47214
Valladolid,Villamuriel de Campos,47215
Valladolid,Villán de Tordesillas,47216
Valladolid,Villanubla,47217
Valladolid,Villanueva de Duero,47218
Valladolid,Villanueva de la Condesa,47219
Valladolid,Villanueva de los Caballeros,47220
Valladolid,Villanueva de los Infantes,47221
Valladolid,Villanueva de San Mancio,47222
Valladolid,Villardefrades,47223
Valladolid,Villarmentero de Esgueva,47224
Valladolid,Villasexmir,47225
Valladolid,Villavaquerín,47226
Valladolid,Villavellid,47227
Valladolid,Villaverde de Medina,47228
Valladolid,Villavicencio de los Caballeros,47229
Valladolid,Viloria,47194
Valladolid,Wamba,47230
Valladolid,Zaratán,47231
Valladolid,"Zarza, La",47232
Bizkaia,Abadiño,48001
Bizkaia,Abanto y Ciérvana-Abanto Zierbena,48002
Bizkaia,Ajangiz,48911
Bizkaia,Alonsotegi,48912
Bizkaia,Amorebieta-Etxano,48003
Bizkaia,Amoroto,48004
Bizkaia,Arakaldo,48005
Bizkaia,Arantzazu,48006
Bizkaia,Areatza,48093
Bizkaia,Arrankudiaga-Zollo,48009
Bizkaia,Arratzu,48914
Bizkaia,Arrieta,48010
Bizkaia,Arrigorriaga,48011
Bizkaia,Artea,48023
Bizkaia,Artzentales,48008
Bizkaia,Atxondo,48091
Bizkaia,Aulesti,48070
Bizkaia,Bakio,48012
Bizkaia,Balmaseda,48090
Bizkaia,Barakaldo,48013
Bizkaia,Barrika,48014
Bizkaia,Basauri,48015
Bizkaia,Bedia,48092
Bizkaia,Berango,48016
Bizkaia,Bermeo,48017
Bizkaia,Berriatua,48018
Bizkaia,Berriz,48019
Bizkaia,Bilbao,48020
Bizkaia,Busturia,48021
Bizkaia,Derio,48901
Bizkaia,Dima,48026
Bizkaia,Durango,48027
Bizkaia,Ea,48028
Bizkaia,Elantxobe,48031
Bizkaia,Elorrio,48032
Bizkaia,Erandio,48902
Bizkaia,Ereño,48033
Bizkaia,Ermua,48034
Bizkaia,Errigoiti,48079
Bizkaia,Etxebarri,48029
Bizkaia,Etxebarria,48030
Bizkaia,Forua,48906
Bizkaia,Fruiz,48035
Bizkaia,Galdakao,48036
Bizkaia,Galdames,48037
Bizkaia,Gamiz-Fika,48038
Bizkaia,Garai,48039
Bizkaia,Gatika,48040
Bizkaia,Gautegiz Arteaga,48041
Bizkaia,Gernika-Lumo,48046
Bizkaia,Getxo,48044
Bizkaia,Gizaburuaga,48047
Bizkaia,Gordexola,48042
Bizkaia,Gorliz,48043
Bizkaia,Güeñes,48045
Bizkaia,Ibarrangelu,48048
Bizkaia,Igorre,48094
Bizkaia,Ispaster,48049
Bizkaia,Iurreta,48910
Bizkaia,Izurtza,48050
Bizkaia,Karrantza Harana/Valle de Carranza,48022
Bizkaia,Kortezubi,48907
Bizkaia,Lanestosa,48051
Bizkaia,Larrabetzu,48052
Bizkaia,Laukiz,48053
Bizkaia,Leioa,48054
Bizkaia,Lekeitio,48057
Bizkaia,Lemoa,48055
Bizkaia,Lemoiz,48056
Bizkaia,Lezama,48081
Bizkaia,Loiu,48903
Bizkaia,Mallabia,48058
Bizkaia,Mañaria,48059
Bizkaia,Markina-Xemein,48060
Bizkaia,Maruri-Jatabe,48061
Bizkaia,Mendata,48062
Bizkaia,Mendexa,48063
Bizkaia,Meñaka,48064
Bizkaia,Morga,48066
Bizkaia,Mundaka,48068
Bizkaia,Mungia,48069
Bizkaia,Munitibar-Arbatzegi Gerrikaitz,48007
Bizkaia,Murueta,48908
Bizkaia,Muskiz,48071
Bizkaia,Muxika,48067
Bizkaia,Nabarniz,48909
Bizkaia,Ondarroa,48073
Bizkaia,Orozko,48075
Bizkaia,Ortuella,48083
Bizkaia,Otxandio,48072
Bizkaia,Plentzia,48077
Bizkaia,Portugalete,48078
Bizkaia,Santurtzi,48082
Bizkaia,Sestao,48084
Bizkaia,Sondika,48904
Bizkaia,Sopela,48085
Bizkaia,Sopuerta,48086
Bizkaia,Sukarrieta,48076
Bizkaia,Trucios-Turtzioz,48087
Bizkaia,Ubide,48088
Bizkaia,Ugao-Miraballes,48065
Bizkaia,Urduliz,48089
Bizkaia,Urduña/Orduña,48074
Bizkaia,Usansolo,48916
Bizkaia,Valle de Trápaga-Trapagaran,48080
Bizkaia,Zaldibar,48095
Bizkaia,Zalla,48096
Bizkaia,Zamudio,48905
Bizkaia,Zaratamo,48097
Bizkaia,Zeanuri,48024
Bizkaia,Zeberio,48025
Bizkaia,Zierbena,48913
Bizkaia,Ziortza-Bolibar,48915
Zamora,Abezames,49002
Zamora,Alcañices,49003
Zamora,Alcubilla de Nogales,49004
Zamora,Alfaraz de Sayago,49005
Zamora,Algodre,49006
Zamora,Almaraz de Duero,49007
Zamora,Almeida de Sayago,49008
Zamora,Andavías,49009
Zamora,Arcenillas,49010
Zamora,Arcos de la Polvorosa,49011
Zamora,Argañín,49012
Zamora,Argujillo,49013
Zamora,Arquillinos,49014
Zamora,Arrabalde,49015
Zamora,Aspariegos,49016
Zamora,Asturianos,49017
Zamora,Ayoó de Vidriales,49018
Zamora,Barcial del Barco,49019
Zamora,Belver de los Montes,49020
Zamora,Benavente,49021
Zamora,Benegiles,49022
Zamora,Bermillo de Sayago,49023
Zamora,"Bóveda de Toro, La",49024
Zamora,Bretó,49025
Zamora,Bretocino,49026
Zamora,Brime de Sog,49027
Zamora,Brime de Urz,49028
Zamora,Burganes de Valverde,49029
Zamora,Bustillo del Oro,49030
Zamora,Cabañas de Sayago,49031
Zamora,Calzadilla de Tera,49032
Zamora,Camarzana de Tera,49033
Zamora,Cañizal,49034
Zamora,Cañizo,49035
Zamora,Carbajales de Alba,49036
Zamora,Carbellino,49037
Zamora,Casaseca de Campeán,49038
Zamora,Casaseca de las Chanas,49039
Zamora,Castrillo de la Guareña,49040
Zamora,Castrogonzalo,49041
Zamora,Castronuevo,49042
Zamora,Castroverde de Campos,49043
Zamora,Cazurra,49044
Zamora,Cerecinos de Campos,49046
Zamora,Cerecinos del Carrizal,49047
Zamora,Cernadilla,49048
Zamora,Cobreros,49050
Zamora,Coomonte,49052
Zamora,Coreses,49053
Zamora,Corrales del Vino,49054
Zamora,Cotanes del Monte,49055
Zamora,Cubillos,49056
Zamora,Cubo de Benavente,49057
Zamora,"Cubo de Tierra del Vino, El",49058
Zamora,Cuelgamures,49059
Zamora,Entrala,49061
Zamora,Espadañedo,49062
Zamora,Faramontanos de Tábara,49063
Zamora,Fariza,49064
Zamora,Fermoselle,49065
Zamora,Ferreras de Abajo,49066
Zamora,Ferreras de Arriba,49067
Zamora,Ferreruela,49068
Zamora,Figueruela de Arriba,49069
Zamora,Fonfría,49071
Zamora,Fresno de la Polvorosa,49075
Zamora,Fresno de la Ribera,49076
Zamora,Fresno de Sayago,49077
Zamora,Friera de Valverde,49078
Zamora,Fuente Encalada,49079
Zamora,Fuentelapeña,49080
Zamora,Fuentes de Ropel,49082
Zamora,Fuentesaúco,49081
Zamora,Fuentesecas,49083
Zamora,Fuentespreadas,49084
Zamora,Galende,49085
Zamora,Gallegos del Pan,49086
Zamora,Gallegos del Río,49087
Zamora,Gamones,49088
Zamora,Gema,49090
Zamora,Granja de Moreruela,49091
Zamora,Granucillo,49092
Zamora,Guarrate,49093
Zamora,Hermisende,49094
Zamora,"Hiniesta, La",49095
Zamora,Jambrina,49096
Zamora,Justel,49097
Zamora,Losacino,49098
Zamora,Losacio,49099
Zamora,Lubián,49100
Zamora,Luelmo,49101
Zamora,"Maderal, El",49102
Zamora,Madridanos,49103
Zamora,Mahide,49104
Zamora,Maire de Castroponce,49105
Zamora,Malva,49107
Zamora,Manganeses de la Lampreana,49108
Zamora,Manganeses de la Polvorosa,49109
Zamora,Manzanal de Arriba,49110
Zamora,Manzanal de los Infantes,49112
Zamora,Manzanal del Barco,49111
Zamora,Matilla de Arzón,49113
Zamora,Matilla la Seca,49114
Zamora,Mayalde,49115
Zamora,Melgar de Tera,49116
Zamora,Micereces de Tera,49117
Zamora,Milles de la Polvorosa,49118
Zamora,Molacillos,49119
Zamora,Molezuelas de la Carballeda,49120
Zamora,Mombuey,49121
Zamora,Monfarracinos,49122
Zamora,Montamarta,49123
Zamora,Moral de Sayago,49124
Zamora,Moraleja de Sayago,49126
Zamora,Moraleja del Vino,49125
Zamora,Morales de Rey,49128
Zamora,Morales de Toro,49129
Zamora,Morales de Valverde,49130
Zamora,Morales del Vino,49127
Zamora,Moralina,49131
Zamora,Moreruela de los Infanzones,49132
Zamora,Moreruela de Tábara,49133
Zamora,Muelas de los Caballeros,49134
Zamora,Muelas del Pan,49135
Zamora,Muga de Sayago,49136
Zamora,Navianos de Valverde,49137
Zamora,Olmillos de Castro,49138
Zamora,Otero de Bodas,49139
Zamora,Pajares de la Lampreana,49141
Zamora,Palacios de Sanabria,49143
Zamora,Palacios del Pan,49142
Zamora,Pedralba de la Pradería,49145
Zamora,"Pego, El",49146
Zamora,Peleagonzalo,49147
Zamora,Peleas de Abajo,49148
Zamora,Peñausende,49149
Zamora,Peque,49150
Zamora,"Perdigón, El",49151
Zamora,Pereruela,49152
Zamora,Perilla de Castro,49153
Zamora,Pías,49154
Zamora,Piedrahita de Castro,49155
Zamora,Pinilla de Toro,49156
Zamora,Pino del Oro,49157
Zamora,"Piñero, El",49158
Zamora,Pobladura de Valderaduey,49160
Zamora,Pobladura del Valle,49159
Zamora,Porto,49162
Zamora,Pozoantiguo,49163
Zamora,Pozuelo de Tábara,49164
Zamora,Prado,49165
Zamora,Puebla de Sanabria,49166
Zamora,Pueblica de Valverde,49167
Zamora,Quintanilla de Urz,49170
Zamora,Quintanilla del Monte,49168
Zamora,Quintanilla del Olmo,49169
Zamora,Quiruelas de Vidriales,49171
Zamora,Rabanales,49172
Zamora,Rábano de Aliste,49173
Zamora,Requejo,49174
Zamora,Revellinos,49175
Zamora,Riofrío de Aliste,49176
Zamora,Rionegro del Puente,49177
Zamora,Roales,49178
Zamora,Robleda-Cervantes,49179
Zamora,Roelos de Sayago,49180
Zamora,Rosinos de la Requejada,49181
Zamora,Salce,49183
Zamora,Samir de los Caños,49184
Zamora,San Agustín del Pozo,49185
Zamora,San Cebrián de Castro,49186
Zamora,San Cristóbal de Entreviñas,49187
Zamora,San Esteban del Molar,49188
Zamora,San Justo,49189
Zamora,San Martín de Valderaduey,49190
Zamora,San Miguel de la Ribera,49191
Zamora,San Miguel del Valle,49192
Zamora,San Pedro de Ceque,49193
Zamora,San Pedro de la Nave-Almendra,49194
Zamora,San Vicente de la Cabeza,49208
Zamora,San Vitero,49209
Zamora,Santa Clara de Avedillo,49197
Zamora,Santa Colomba de las Monjas,49199
Zamora,Santa Cristina de la Polvorosa,49200
Zamora,Santa Croya de Tera,49201
Zamora,Santa Eufemia del Barco,49202
Zamora,Santa María de la Vega,49203
Zamora,Santa María de Valverde,49204
Zamora,Santibáñez de Tera,49205
Zamora,Santibáñez de Vidriales,49206
Zamora,Santovenia,49207
Zamora,Sanzoles,49210
Zamora,Tábara,49214
Zamora,Tapioles,49216
Zamora,Toro,49219
Zamora,"Torre del Valle, La",49220
Zamora,Torregamones,49221
Zamora,Torres del Carrizal,49222
Zamora,Trabazos,49223
Zamora,Trefacio,49224
Zamora,Uña de Quintana,49225
Zamora,Vadillo de la Guareña,49226
Zamora,Valcabado,49227
Zamora,Valdefinjas,49228
Zamora,Valdescorriel,49229
Zamora,Vallesa de la Guareña,49230
Zamora,Vega de Tera,49231
Zamora,Vega de Villalobos,49232
Zamora,Vegalatrave,49233
Zamora,Venialbo,49234
Zamora,Vezdemarbán,49235
Zamora,Vidayanes,49236
Zamora,Videmala,49237
Zamora,Villabrázaro,49238
Zamora,Villabuena del Puente,49239
Zamora,Villadepera,49240
Zamora,Villaescusa,49241
Zamora,Villafáfila,49242
Zamora,Villaferrueña,49243
Zamora,Villageriz,49244
Zamora,Villalazán,49245
Zamora,Villalba de la Lampreana,49246
Zamora,Villalcampo,49247
Zamora,Villalobos,49248
Zamora,Villalonso,49249
Zamora,Villalpando,49250
Zamora,Villalube,49251
Zamora,Villamayor de Campos,49252
Zamora,Villamor de los Escuderos,49255
Zamora,Villanázar,49256
Zamora,Villanueva de Azoague,49257
Zamora,Villanueva de Campeán,49258
Zamora,Villanueva de las Peras,49259
Zamora,Villanueva del Campo,49260
Zamora,Villar de Fallaves,49263
Zamora,Villar del Buey,49264
Zamora,Villaralbo,49261
Zamora,Villardeciervos,49262
Zamora,Villardiegua de la Ribera,49265
Zamora,Villárdiga,49266
Zamora,Villardondiego,49267
Zamora,Villarrín de Campos,49268
Zamora,Villaseco del Pan,49269
Zamora,Villavendimio,49270
Zamora,Villaveza de Valverde,49272
Zamora,Villaveza del Agua,49271
Zamora,Viñas,49273
Zamora,Zamora,49275
Zaragoza,Abanto,50001
Zaragoza,Acered,50002
Zaragoza,Agón,50003
Zaragoza,Aguarón,50004
Zaragoza,Aguilón,50005
Zaragoza,Ainzón,50006
Zaragoza,Aladrén,50007
Zaragoza,Alagón,50008
Zaragoza,Alarba,50009
Zaragoza,Alberite de San Juan,50010
Zaragoza,Albeta,50011
Zaragoza,Alborge,50012
Zaragoza,Alcalá de Ebro,50013
Zaragoza,Alcalá de Moncayo,50014
Zaragoza,Alconchel de Ariza,50015
Zaragoza,Aldehuela de Liestos,50016
Zaragoza,Alfajarín,50017
Zaragoza,Alfamén,50018
Zaragoza,Alforque,50019
Zaragoza,Alhama de Aragón,50020
Zaragoza,Almochuel,50021
Zaragoza,"Almolda, La",50022
Zaragoza,Almonacid de la Cuba,50023
Zaragoza,Almonacid de la Sierra,50024
Zaragoza,"Almunia de Doña Godina, La",50025
Zaragoza,Alpartir,50026
Zaragoza,Ambel,50027
Zaragoza,Anento,50028
Zaragoza,Aniñón,50029
Zaragoza,Añón de Moncayo,50030
Zaragoza,Aranda de Moncayo,50031
Zaragoza,Arándiga,50032
Zaragoza,Ardisa,50033
Zaragoza,Ariza,50034
Zaragoza,Artieda,50035
Zaragoza,Asín,50036
Zaragoza,Atea,50037
Zaragoza,Ateca,50038
Zaragoza,Azuara,50039
Zaragoza,Badules,50040
Zaragoza,Bagüés,50041
Zaragoza,Balconchán,50042
Zaragoza,Bárboles,50043
Zaragoza,Bardallur,50044
Zaragoza,Belchite,50045
Zaragoza,Belmonte de Gracián,50046
Zaragoza,Berdejo,50047
Zaragoza,Berrueco,50048
Zaragoza,Biel,50901
Zaragoza,Bijuesca,50050
Zaragoza,Biota,50051
Zaragoza,Bisimbre,50052
Zaragoza,Boquiñeni,50053
Zaragoza,Bordalba,50054
Zaragoza,Borja,50055
Zaragoza,Botorrita,50056
Zaragoza,Brea de Aragón,50057
Zaragoza,Bubierca,50058
Zaragoza,Bujaraloz,50059
Zaragoza,Bulbuente,50060
Zaragoza,Bureta,50061
Zaragoza,"Burgo de Ebro, El",50062
Zaragoza,"Buste, El",50063
Zaragoza,Cabañas de Ebro,50064
Zaragoza,Cabolafuente,50065
Zaragoza,Cadrete,50066
Zaragoza,Calatayud,50067
Zaragoza,Calatorao,50068
Zaragoza,Calcena,50069
Zaragoza,Calmarza,50070
Zaragoza,Campillo de Aragón,50071
Zaragoza,Carenas,50072
Zaragoza,Cariñena,50073
Zaragoza,Caspe,50074
Zaragoza,Castejón de Alarba,50075
Zaragoza,Castejón de las Armas,50076
Zaragoza,Castejón de Valdejasa,50077
Zaragoza,Castiliscar,50078
Zaragoza,Cervera de la Cañada,50079
Zaragoza,Cerveruela,50080
Zaragoza,Cetina,50081
Zaragoza,Chiprana,50092
Zaragoza,Chodes,50093
Zaragoza,Cimballa,50082
Zaragoza,Cinco Olivas,50083
Zaragoza,Clarés de Ribota,50084
Zaragoza,Codo,50085
Zaragoza,Codos,50086
Zaragoza,Contamina,50087
Zaragoza,Cosuenda,50088
Zaragoza,Cuarte de Huerva,50089
Zaragoza,Cubel,50090
Zaragoza,"Cuerlas, Las",50091
Zaragoza,Daroca,50094
Zaragoza,Ejea de los Caballeros,50095
Zaragoza,Embid de Ariza,50096
Zaragoza,Encinacorba,50098
Zaragoza,Épila,50099
Zaragoza,Erla,50100
Zaragoza,Escatrón,50101
Zaragoza,Fabara,50102
Zaragoza,Farlete,50104
Zaragoza,Fayón,50105
Zaragoza,"Fayos, Los",50106
Zaragoza,Figueruelas,50107
Zaragoza,Fombuena,50108
Zaragoza,"Frago, El",50109
Zaragoza,"Frasno, El",50110
Zaragoza,Fréscano,50111
Zaragoza,Fuendejalón,50113
Zaragoza,Fuendetodos,50114
Zaragoza,Fuentes de Ebro,50115
Zaragoza,Fuentes de Jiloca,50116
Zaragoza,Gallocanta,50117
Zaragoza,Gallur,50118
Zaragoza,Gelsa,50119
Zaragoza,Godojos,50120
Zaragoza,Gotor,50121
Zaragoza,Grisel,50122
Zaragoza,Grisén,50123
Zaragoza,Herrera de los Navarros,50124
Zaragoza,Ibdes,50125
Zaragoza,Illueca,50126
Zaragoza,Isuerre,50128
Zaragoza,Jaraba,50129
Zaragoza,Jarque de Moncayo,50130
Zaragoza,Jaulín,50131
Zaragoza,"Joyosa, La",50132
Zaragoza,Lagata,50133
Zaragoza,Langa del Castillo,50134
Zaragoza,Layana,50135
Zaragoza,Lécera,50136
Zaragoza,Lechón,50138
Zaragoza,Leciñena,50137
Zaragoza,Letux,50139
Zaragoza,Litago,50140
Zaragoza,Lituénigo,50141
Zaragoza,Lobera de Onsella,50142
Zaragoza,Longares,50143
Zaragoza,Longás,50144
Zaragoza,Lucena de Jalón,50146
Zaragoza,Luceni,50147
Zaragoza,Luesia,50148
Zaragoza,Luesma,50149
Zaragoza,Lumpiaque,50150
Zaragoza,Luna,50151
Zaragoza,Maella,50152
Zaragoza,Magallón,50153
Zaragoza,Mainar,50154
Zaragoza,Malanquilla,50155
Zaragoza,Maleján,50156
Zaragoza,Mallén,50160
Zaragoza,Malón,50157
Zaragoza,Maluenda,50159
Zaragoza,Manchones,50161
Zaragoza,Mara,50162
Zaragoza,María de Huerva,50163
Zaragoza,Marracos,50902
Zaragoza,Mediana de Aragón,50164
Zaragoza,Mequinenza,50165
Zaragoza,Mesones de Isuela,50166
Zaragoza,Mezalocha,50167
Zaragoza,Mianos,50168
Zaragoza,Miedes de Aragón,50169
Zaragoza,Monegrillo,50170
Zaragoza,Moneva,50171
Zaragoza,Monreal de Ariza,50172
Zaragoza,Monterde,50173
Zaragoza,Montón,50174
Zaragoza,Morata de Jalón,50175
Zaragoza,Morata de Jiloca,50176
Zaragoza,Morés,50177
Zaragoza,Moros,50178
Zaragoza,Moyuela,50179
Zaragoza,Mozota,50180
Zaragoza,Muel,50181
Zaragoza,"Muela, La",50182
Zaragoza,Munébrega,50183
Zaragoza,Murero,50184
Zaragoza,Murillo de Gállego,50185
Zaragoza,Navardún,50186
Zaragoza,Nigüella,50187
Zaragoza,Nombrevilla,50188
Zaragoza,Nonaspe,50189
Zaragoza,Novallas,50190
Zaragoza,Novillas,50191
Zaragoza,Nuévalos,50192
Zaragoza,Nuez de Ebro,50193
Zaragoza,Olvés,50194
Zaragoza,Orcajo,50195
Zaragoza,Orera,50196
Zaragoza,Orés,50197
Zaragoza,Oseja,50198
Zaragoza,Osera de Ebro,50199
Zaragoza,Paniza,50200
Zaragoza,Paracuellos de Jiloca,50201
Zaragoza,Paracuellos de la Ribera,50202
Zaragoza,Pastriz,50203
Zaragoza,Pedrola,50204
Zaragoza,"Pedrosas, Las",50205
Zaragoza,Perdiguera,50206
Zaragoza,Piedratajada,50207
Zaragoza,Pina de Ebro,50208
Zaragoza,Pinseque,50209
Zaragoza,"Pintanos, Los",50210
Zaragoza,Plasencia de Jalón,50211
Zaragoza,Pleitas,50212
Zaragoza,Plenas,50213
Zaragoza,Pomer,50214
Zaragoza,Pozuel de Ariza,50215
Zaragoza,Pozuelo de Aragón,50216
Zaragoza,Pradilla de Ebro,50217
Zaragoza,Puebla de Albortón,50218
Zaragoza,"Puebla de Alfindén, La",50219
Zaragoza,Puendeluna,50220
Zaragoza,Purujosa,50221
Zaragoza,Quinto,50222
Zaragoza,Remolinos,50223
Zaragoza,Retascón,50224
Zaragoza,Ricla,50225
Zaragoza,Romanos,50227
Zaragoza,Rueda de Jalón,50228
Zaragoza,Ruesca,50229
Zaragoza,Sabiñán,50241
Zaragoza,Sádaba,50230
Zaragoza,Salillas de Jalón,50231
Zaragoza,Salvatierra de Esca,50232
Zaragoza,Samper del Salz,50233
Zaragoza,San Martín de la Virgen de Moncayo,50234
Zaragoza,San Mateo de Gállego,50235
Zaragoza,Santa Cruz de Grío,50236
Zaragoza,Santa Cruz de Moncayo,50237
Zaragoza,Santa Eulalia de Gállego,50238
Zaragoza,Santed,50239
Zaragoza,Sástago,50240
Zaragoza,Sediles,50242
Zaragoza,Sestrica,50243
Zaragoza,Sierra de Luna,50244
Zaragoza,Sigüés,50245
Zaragoza,Sisamón,50246
Zaragoza,Sobradiel,50247
Zaragoza,Sos del Rey Católico,50248
Zaragoza,Tabuenca,50249
Zaragoza,Talamantes,50250
Zaragoza,Tarazona,50251
Zaragoza,Tauste,50252
Zaragoza,Terrer,50253
Zaragoza,Tierga,50254
Zaragoza,Tobed,50255
Zaragoza,Torralba de los Frailes,50256
Zaragoza,Torralba de Ribota,50257
Zaragoza,Torralbilla,50258
Zaragoza,Torrehermosa,50259
Zaragoza,Torrelapaja,50260
Zaragoza,Torrellas,50261
Zaragoza,Torres de Berrellén,50262
Zaragoza,Torrijo de la Cañada,50263
Zaragoza,Tosos,50264
Zaragoza,Trasmoz,50265
Zaragoza,Trasobares,50266
Zaragoza,Uncastillo,50267
Zaragoza,Undués de Lerda,50268
Zaragoza,Urrea de Jalón,50269
Zaragoza,Urriés,50270
Zaragoza,Used,50271
Zaragoza,Utebo,50272
Zaragoza,Val de San Martín,50274
Zaragoza,Valdehorna,50273
Zaragoza,Valmadrid,50275
Zaragoza,Valpalmas,50276
Zaragoza,Valtorres,50277
Zaragoza,Velilla de Ebro,50278
Zaragoza,Velilla de Jiloca,50279
Zaragoza,Vera de Moncayo,50280
Zaragoza,Vierlas,50281
Zaragoza,Villadoz,50283
Zaragoza,Villafeliche,50284
Zaragoza,Villafranca de Ebro,50285
Zaragoza,Villalba de Perejil,50286
Zaragoza,Villalengua,50287
Zaragoza,Villamayor de Gállego,50903
Zaragoza,Villanueva de Gállego,50288
Zaragoza,Villanueva de Huerva,50290
Zaragoza,Villanueva de Jiloca,50289
Zaragoza,Villar de los Navarros,50291
Zaragoza,Villarreal de Huerva,50292
Zaragoza,Villarroya de la Sierra,50293
Zaragoza,Villarroya del Campo,50294
Zaragoza,"Vilueña, La",50282
Zaragoza,Vistabella,50295
Zaragoza,"Zaida, La",50296
Zaragoza,Zaragoza,50297
Zaragoza,Zuera,50298
Ceuta,Ceuta,51001
Melilla,Melilla,52001
